statement_id,speaker,speaker_role,quote,passage_context,venue,venue_type,date_value,date_precision,statement_type,search_method,producing_query,source_url,notes
1,Vanessa Nygaard,WNBA head coach (Phoenix Mercury 2022-2023),"Didn't mean to take away from Sky or any of the other All-Stars. Our team is super excited for Sky. I apologize if my comments took away from that…if it was the other way around, I would stick up for Sky as well. We've addressed it as a team & we're moving forward.","There were plenty of reactions around the league immediately following the tweet, and I figured we'd see the usual walkback — an effort to blame the media for misinterpreting, say, or claims of a hack. But SDS didn't take it down, liked some responses that approvingly read it as a shot at Nygaard, and more to the point, Nygaard herself understood what the intent was. How do we know this? Because Nygaard publicly apologized to SDS the next day! ""Didn't mean to take away from Sky or any of the other All-Stars. Our team is super excited for Sky. I apologize if my comments took away from that…if it was the other way around, I would stick up for Sky as well. We've addressed it as a team & we're moving forward."" -HC Nygaard The level of shock around the league mirrored my own.","Public apology statement relayed in a Mercury beat reporter's tweet, embedded in The IX (theixsports.com) article",social_via_page,2022-07,month,reflection,coach_name_search,"""Vanessa Nygaard"" media OR press",https://www.theixsports.com/basketball/nygaard-diggins-smith-mercury-clown/,"Quote appears in a tweet by beat reporter Eliav Gabay embedded in Howard Megdal's article (published 2022-07-06), attributed '-HC Nygaard' as printed. Exact day of the apology uncertain (article says the day after her All-Star comments, early July 2022), so month precision used. Ellipsis appears inside the printed quote; unclear whether it is source elision or original punctuation, so fidelity marked printed_with_ellipsis. Quote appears as a block quote on the page attributed '-HC Nygaard'; ellipsis (…) is a single Unicode character as printed."
2,Bob Huggins,"Head coach, men's basketball, West Virginia University; Naismith Basketball Hall of Fame inductee (2022); active at time of statement","Earlier today on a Cincinnati radio program, I was asked about the rivalry between my former employer, the University of Cincinnati, and its crosstown rival, Xavier University. During the conversation, I used a completely insensitive and abhorrent phrase that there is simply no excuse for -- and I won't try to make one here. I deeply apologize to the individuals I have offended, as well as to the Xavier University community, the University of Cincinnati and West Virginia University. As I have shared with my players over my 40 years of coaching, there are consequences for our words and actions, and I will fully accept any coming my way. I am ashamed and embarrassed and heartbroken for those I have hurt. I must do better, and I will.","Huggins posted the following full statement to the @wvuhoops Twitter account on May 8, 2023, at 5:21 p.m. ET, hours after using a homophobic slur on a Cincinnati radio program (700WLW Bill Cunningham Show) while discussing the Cincinnati-Xavier basketball rivalry: ""Earlier today on a Cincinnati radio program, I was asked about the rivalry between my former employer, the University of Cincinnati, and its crosstown rival, Xavier University. During the conversation, I used a completely insensitive and abhorrent phrase that there is simply no excuse for -- and I won't try to make one here. I deeply apologize to the individuals I have offended, as well as to the Xavier University community, the University of Cincinnati and West Virginia University. As I have shared with my players over my 40 years of coaching, there are consequences for our words and actions, and I will fully accept any coming my way. I am ashamed and embarrassed and heartbroken for those I have hurt. I must do better, and I will.""","@wvuhoops Twitter (WVU men's basketball official account), May 8, 2023; full text reproduced and confirmed by ESPN (espn.com), WSAZ, and CBS News",social_via_page,2023-05-08,day,reflection,coach_name_search,Bob Huggins basketball tweeted OR posted media,https://www.espn.com/mens-college-basketball/story/_/id/37571594/wvu-reviewing-incident-huggins-uses-anti-gay-slur-air,"Underlying statement (slur made while discussing basketball rivalry on radio) is political/social in nature; however the apology/walk-back is explicitly listed as IN per inclusion criteria. ESPN version of quote renders ""any"" as ""[anything]""; WSAZ, CNN, and The Intelligencer corroborate ""any"" without brackets; ESPN bracket likely editorial interpolation for omitted word. Huggins resigned June 2023 following this and a subsequent DUI arrest."
3,Bill Russell,"Player-coach, Boston Celtics (1966-69)",I don't like to single out guys in public. I know all these guys and there's no point to that.,"The players know I have a lot going on in my mind and I appreciate the help. I've never tried to prove that I'm a big genius and I'll accept all the help I can get from the players. If something's not right, let me know. I don't like to single out guys in public. I know all these guys and there's no point to that.","Originally: Boston Globe column by Russell, 1969 NBA playoffs. Quoted in Leigh Montville, Tall Men Short Shorts (2021); excerpt published in Sports Illustrated July 12 2021.",article,1969,year,personal rule,coach_name_search,Bill Russell single out in public basketball coach 1969,https://www.si.com/nba/2021/07/12/tall-men-short-shorts-excerpt-bill-russell-celtics,"Originally from Russell's own Boston Globe column written during the 1969 NBA playoffs (player-coach era). NBA.com 2021 independently quotes the same passage. Montville's book reproduces or closely paraphrases the Globe column text. Identity confirmed: basketball figure, player-coach Celtics."
4,John Calipari,college head coach (Kentucky 2009-2024; at quote time Kentucky),"My opinion, which I don't give very often, I keep my opinions to myself, but in this case I'll tell you.","Q. This year's tournament is worth somewhere around $700 million for the NCAA. By making the Final Four, you guys have earned $8 million or $9 million for your conferences to cover costs, salaries. Should any of that money do you think go directly to your players?
COACH CALIPARI: Well, I think it's taken the NCAA 30 to 40 years, but they're beginning to change now. I mean, right now we brought parents to the Final Four for the first time. My opinion, which I don't give very often, I keep my opinions to myself, but in this case I'll tell you. My opinion is the parents should come to every round. Why should the parents only come to the final round? What about the other 64 teams that played in this, why wouldn't their parents enjoy being with them?","NCAA Men's Final Four press conference, April 2, 2015 (ASAP Sports FastScripts transcript)",presser_transcript,2015-04-02,day,personal rule,coach_name_search,site:asapsports.com John Calipari,http://www.asapsports.com/show_interview.php?id=108066,"Verified by direct fetch of the raw transcript page; preface to his opinion on NCAA policy (parents at tournament rounds, stipends, insurance); borderline: passing self-characterization of his public-comment practice rather than an extended reflection. PASSAGE SOURCE: https://www.asapsports.com/show_interview.php?id=108066 ASAP Sports press conference transcript. Full Q&A block captured verbatim. Original corpus URL used http://; page served as https://."
5,Bill Russell,"Player-coach, Boston Celtics (1966-69)","I'd be a hypocrite if I ever clamped down on one of my players for sounding off. I always spoke my mind as a player, so I couldn't criticize anyone for doing the same thing.","Chamberlain publicly knocked Russell's dual role. He said he felt the Celtics had the better team during the last season, but the 76ers had better coaching. ""I think it's almost an impossibility for Bill Russell to exert himself physically and mentally and also make the proper coaching calls. I've said it to him,"" Wilt commented. When the press quoted Celtic Larry Siegfried and Sam Jones as suggesting playing and coaching both were too much for Russ, their boss said simply: ""I'd be a hypocrite if I ever clamped down on one of my players for sounding off. I always spoke my mind as a player, so I couldn't criticize anyone for doing the same thing."" If these were Russell's friends, he also knew how to make them toe the mark. He used the player fine with the same stinging effectiveness as had Auerbach. One cornerstone of the disciplinary system—pay a fine of $1 per minute for being late to practice.","Pro Basketball Illustrated 1967-68, article by Bob Hoobing (AP / Boston Globe journalist); reprinted at From Way Downtown (2022)",article,1968,year,personal rule,coach_name_search,Bill Russell hypocrite sounding off basketball coach,https://from-way-downtown.com/2022/08/02/%EF%BF%BCplayer-russell-takes-a-look-at-coach-russell-1968/,"Reprint of 1967-68 Pro Basketball Illustrated piece by Bob Hoobing. Quote often misattributed to Auerbach; verified as Russell on fetched page: attribution is 'their boss said simply.' Identity confirmed: basketball figure, player-coach Celtics 1966-69."
6,Stan Van Gundy,"Incoming NBA head coach, New Orleans Pelicans (at time of interview)","when you're representing an organization, you've got to still be true to your beliefs, but the tone of things has to change because you're not just representing yourself anymore, and you have to be cognizant of that. Nobody in that organization has said, 'You need to stop tweeting' or 'You can't express your beliefs' or any of that. Nobody's said that to me. But I am cognizant of the fact that every once in a while, I can get a little too...harsh, I guess? And I'll be careful to avoid that.","""Once I got out of the bubble, time was all I had,"" Van Gundy told Bleacher Report over the phone from his home in the Orlando, Florida, area, hours after taking the Pelicans job. ""Walk the dogs in the morning and then sit down and do political stuff. Now, I have a lot more to do, so it'll be less. And I think when you're representing an organization, you've got to still be true to your beliefs, but the tone of things has to change because you're not just representing yourself anymore, and you have to be cognizant of that. Nobody in that organization has said, 'You need to stop tweeting' or 'You can't express your beliefs' or any of that. Nobody's said that to me. But I am cognizant of the fact that every once in a while, I can get a little too...harsh, I guess? And I'll be careful to avoid that.""",Bleacher Report (Sean Highkin),article,2020-10-21,day,personal rule,coach_name_search,"Q11 ""tweeted OR posted media""",https://bleacherreport.com/articles/2914536-how-stan-van-gundy-found-his-way-back-to-coaching-with-new-orleans-pelicans,Also republished with identical wording by NBC Sports (https://www.nbcsports.com/nba/news/hired-by-pelicans-stan-van-gundy-says-hell-keep-tweeting); Bleacher Report is the original interview source and is cited as source_url.
7,Roy Williams,UNC head basketball coach (recalling a past televised interview),"I was really mad at her. ... I told her, ""do not ask me about that."" ... That has nothing to do with a national championship game. ... And then, fast forward a couple of weeks later, I found out that the guy in her head was not telling her [to ask that]. And, so, I had no use for anything about her or that moment. And I didn't think it was fair. And I really didn't give a flip at that moment. I cared about those kids in the locker room and to have someone be that insensitive and stupid? I have no problem saying that after I'd told her, ""do not ask."" ... Because I'm not concerned about that. You don't see my kids in the locker room crying right now. And that's what I'm concerned about.","On the podcast ""Roy: That Dadgum Legend,"" discussing a CBS interview with reporter Bonnie Bernstein: before the interview started, Williams asked Bernstein not to bring up the North Carolina head-coaching opening (he was Kansas's coach at the time). She asked about it anyway; Williams recounts his anger and reasoning: ""I was really mad at her. ... I told her, ""do not ask me about that."" ... That has nothing to do with a national championship game. ... And then, fast forward a couple of weeks later, I found out that the guy in her head was not telling her [to ask that]. And, so, I had no use for anything about her or that moment. And I didn't think it was fair. And I really didn't give a flip at that moment. I cared about those kids in the locker room and to have someone be that insensitive and stupid? I have no problem saying that after I'd told her, ""do not ask."" ... Because I'm not concerned about that. You don't see my kids in the locker room crying right now. And that's what I'm concerned about.""","""Roy: That Dadgum Legend"" podcast (Capitol Broadcasting/WCMC), as reported by Tar Heel Tribune",podcast,2021-10-27,day,reflection,coach_name_search,"Q9 - ""Roy Williams"" basketball podcast (media OR press)",https://tarheeltribune.com/2021/10/27/in-podcast-roy-talks-bernstein-interview-cursing-and-why-he-said-yes-to-unc-the-2nd-time/,Underlying Bernstein interview itself dates to Williams's Kansas tenure (widely reported as 2003 championship-game era); date recorded here is the Oct 2021 podcast reflection.
8,Joe Mazzulla,NBA head coach (Boston Celtics 2022- ),"Just need to focus on the truth. At the end of the day, nobody knows because they are not in the locker room. And so I think as long as we focus on the truth, we focus on the things that we talk about every day, we focus on the relationships that we build with each other, we focus on just that stuff. They can look at it however they want. At the end of the day, what goes on in our locker room, how we communicate with each other, how we build relationships with each other and how we treat each other on and off the floor, that's the most important thing.","Q. Jason Kidd just called Jaylen, you guys' best player. He said it twice. That could be a slight at Jayson, but how do you want your guys to read those quotes? They read everything, there's a lot said between games. How do you want them to digest when there might be gamesmanship here, there might be some type of -- that was said for a purpose, obviously. But how do you want them to take that in?
JOE MAZZULLA: Just need to focus on the truth. At the end of the day, nobody knows because they are not in the locker room. And so I think as long as we focus on the truth, we focus on the things that we talk about every day, we focus on the relationships that we build with each other, we focus on just that stuff. They can look at it however they want. At the end of the day, what goes on in our locker room, how we communicate with each other, how we build relationships with each other and how we treat each other on and off the floor, that's the most important thing.",NBA Finals practice-day press conference (ASAP Sports transcript),presser_transcript,2024-06-08,day,advice,coach_name_search,site:asapsports.com Joe Mazzulla,http://www.asapsports.com/show_interview.php?id=198066,Reception-side: about digesting another coach's public comments rather than making one's own; full Q&A verified verbatim on the transcript page. PASSAGE SOURCE: https://www.asapsports.com/show_interview.php?id=198066 ASAP Sports press conference transcript. Full Q&A block captured verbatim. Original corpus URL used http://; page served as https://.
9,Ben Jacobson,University of Northern Iowa men's head basketball coach; out-of-roster college coach,I don't go on message boards. I believe that to be the world's greatest waste of time.,"As for message boards, Jacobson was succinct. ""I don't go on message boards,"" he said. ""I believe that to be the world's greatest waste of time.""","Pekin Daily Times (Dave Eminian, Peoria Journal Star / USA TODAY Network syndication)",newspaper_article,2021-02-05,day,personal rule,topic_search_database,"AWN slot 4: how basketball coaches should handle the media (alltext), page 1 rank 15",https://infoweb.newsbank.com/apps/news/document-view?p=AWNB&docref=news/180774ACB81E0338,Jacobson's adjacent advice to players about filtering social media ('you need to filter that out') left out of the quote as player-directed consumption advice; flagged for Ken in the memo. SOURCE-URL CORRECTION 2026-07-07: recorded docref replaced with the archived article's self-identifying docref (pilot results-page extraction was misaligned by one rank; see README 2026-07-07).
10,Doc Rivers,"NBA head coach (Milwaukee Bucks at time of quote; previously Celtics, Clippers, 76ers)","I had a terrible press conference after that Game 7. We lost. I said something -- I meant something different, but it was taken differently.","But as he reflected this summer about what he'd learned from his decades on the bench, and what he might do differently if he ever got the chance to do it again, he thought back to one of the more painful episodes of his tenure: the emotional end of that first season in Philly, when the Sixers lost in Game 7 of their second-round series to the Atlanta Hawks, a game made infamous by the performance of Ben Simmons. ""I had a terrible press conference after that Game 7. We lost. I said something -- I meant something different, but it was taken differently. That started it. Then Joel [Embiid] had a bad press conference. ""I don't know if the whole Ben thing was going to happen regardless, but I didn't like me being a part of that. So your first thing is, how can I handle that better? How can I answer that question better?""",ESPN.com feature interview (2024 All-Star break),article,2024-02-25,day,reflection,coach_name_search,"""Doc Rivers"" media OR press [search results restricted to espn.com]",https://www.espn.com/nba/story/_/id/39593942/dame-giannis-lessons-ben-simmons-saga-doc-rivers-first-month-bucks,"In the same interview Rivers adds: ""So your first thing is, how can I handle that better? How can I answer that question better?"" Em-dashes as printed by ESPN; article by Jamal Collier."
11,Ron Hunter,Georgia State University men's head basketball coach (at publication); out-of-roster college coach,"So I don't get fined and get kicked out and not coach again, I've got to be careful with what I say.","""In 26 years in basketball, I don't know if I've been so frustrated as I've been this year. Extremely frustrated,"" Hunter said during the press conference. ""But I can't get into why. I'm going to have my say in this one day. It's not about the officiating in this game [on Jan. 31 vs Arkansas State], but there are some things that I'm extremely frustrated about."" ... Hunter said because of rules regarding what coaches can say about officials, he had to watch his words. ""I don't know,"" Hunter said at the press conference. ""So I don't get fined and get kicked out and not coach again, I've got to be careful with what I say.""","The Signal (Georgia State University student newspaper), postgame press conference report",newspaper_article,2015-02-03,day,personal rule,topic_search_database,"AWN slot 7: advice for coaches postgame press conference (alltext), page 1 rank 12",https://infoweb.newsbank.com/apps/news/document-view?p=AWNB&docref=news/1535187AA31DDE40,Passage ellipsis marks intervening background sentences in the source article; both quoted blocks verbatim. SOURCE-URL CORRECTION 2026-07-07: recorded docref replaced with the archived article's self-identifying docref (pilot results-page extraction was misaligned by one rank; see README 2026-07-07).
12,Jack Ramsay,"NBA/college basketball coach (Portland Trail Blazers, Buffalo Braves, Philadelphia 76ers, Indiana Pacers; St. Joseph's University)","I will praise them privately, before the team or in the press.","When we do play well, I want the players to know that their efforts are appreciated. I will praise them privately, before the team or in the press.",The Coach's Art (Jack Ramsay with John Strawn; Timber Press 1978),book,1978,year,personal rule,coach_name_search,"""Jack Ramsay"" basketball book excerpt (media OR press)",http://hoopthoughts.blogspot.com/2014/04/jack-ramsay-coachs-art-part-i.html,"Verbatim text seen on Hoop Thoughts blog (April 2014) which directly excerpts The Coach's Art chapter ""The Team Game"". Direct archive.org access (https://archive.org/details/coachsart0000rams) requires authenticated borrowing. Unresolved lead: that URL may contain the known passage about never criticizing a player in print. BOOK CONFIRMATION 2026-07-05 (sonnet verification agent): sentence found verbatim in The Coach's Art via openlibrary search-inside, single hit (edition OL4718651M; archive id coachsart0000rams): '...efforts are appreciated. I will praise them privately, before the team or in the press. We all need a...'"
13,Marc Isenberg,Athlete advocate; national columnist for Basketball Times; author of Money Players; non-coach adviser writing for athletes and coaches,"Dealing with the media is 99% commonsense and 1% eye contact. ... 7. Know how and when to say, ""no comment"" It's OK to courteously not comment on something you're asked. As Plato once said, ""Wise men speak because they have something to say; fools because they have to say something."" 8. Do not lie or mislead If you're asked a question you're not prepared to answer, speak the truth or not at all. The lie is often bigger than the original misdeed. 9. Avoid off the record Don't hide behind anonymity. Embrace the new reality that there are no secrets. Eventually, everything comes out.","Dealing with the media is 99% commonsense and 1% eye contact. Here's my short guide to dealing effectively with the media. ... Here are my Top Ten Tips for Dealing with the Media: 1. Be personal Make eye contact. Call reporters by their first name. Be friendly even when they're not interviewing you. 2. Be prepared Think about what you want to say beforehand. For postgame interviews, take a minute to collect your thoughts. For feature stories, outline key points in your mind or on paper. 3. Be professional and respectful Show up on time for scheduled interviews. Understand the writer's job is to report good and bad. Don't take what they say personally. 4. Be engaging Give thoughtful answers. Appropriate humor is welcome. No ethnic, gender or religious slurs or insults. Give concise answers. 5. Be accommodating Befriend the media. They are your ally - or your worst enemy. 6. Live by the ""Locker room code"" What happens in the locker room should stay in the locker room. Don't air your dirty laundry in public by throwing coaches and teammates ""under the bus."" (On a related note: Wherever possible, avoid cliches!) 7. Know how and when to say, ""no comment"" It's OK to courteously not comment on something you're asked. As Plato once said, ""Wise men speak because they have something to say; fools because they have to say something."" 8. Do not lie or mislead If you're asked a question you're not prepared to answer, speak the truth or not at all. The lie is often bigger than the original misdeed. 9. Avoid off the record Don't hide behind anonymity. Embrace the new reality that there are no secrets. Eventually, everything comes out. 10. Act like this is fun After all, it's still just a game!","'Top Ten Media Tips for Athletes and Coaches', coachgeorgeraveling.com (guest post by Marc Isenberg), May 30 2012",article,2012-05-30,day,advice,topic_search_open_web,"slot 2 (t2, reissue 1) and slot 4 (t4): page content gone for agents; recovered by the directing session via Wayback snapshot 20231202090406",http://coachgeorgeraveling.com/top-ten-media-tips-athletes-coaches/,"RECOVERY PROVENANCE + MISATTRIBUTION CORRECTION: both agents' logs attributed this page to George Raveling from the domain; the post's byline and author bio are Marc Isenberg's - corrected here, and George Raveling remains without a recorded item (his authored media-tips content was not found). Numbered-tip headers run into their body text as printed (list line breaks flattened to spaces). Cross-sport examples (MLB) surround the passage; basketball context rests on the author (Basketball Times columnist), venue (Raveling's coaching site), and audience - flagged borderline."
14,Eddie Sutton,College basketball coach (Creighton; Arkansas 1974-85; Kentucky 1985-89; Oklahoma State 1990-2006); Hall of Fame,"I don't speak at service clubs because if I speak at a Rotary Club meeting and I turn down a Kiwanis Club meeting, they are mad. If you turn them all down—that's your policy.","Frank had told me in Arkansas after I had been all over this state. He said, 'Let me tell you why I have a policy. I don't speak at service clubs because if I speak at a Rotary Club meeting and I turn down a Kiwanis Club meeting, they are mad. If you turn them all down—that's your policy.' I finally did that. When I got to Kentucky, that's what I said.","Voices of Oklahoma oral history interview conducted September 30, 2010; interviewer John Erling",oral_history,2010-09-30,day,personal rule,coach_name_search,Eddie Sutton basketball publicly,https://voicesofoklahoma.com/interviews/sutton-eddie/,"Policy attributed in narrative to ""Frank"" (likely Frank Broyles, Arkansas AD); Sutton explicitly adopts it as his own rule (""I finally did that. When I got to Kentucky, that's what I said.""); aboutness is public speaking management rather than press/media specifically"
15,Billy Donovan,"Head coach, men's basketball, Chicago Bulls NBA (2020-2026); previously University of Florida (1996-2015) and Oklahoma City Thunder (2015-2020); Naismith Basketball Hall of Fame inductee (2025)","What I'm not going to do is when [the media] asks me these questions, if I feel like it's on me, I'm not going to come up with something else. I do that, then how can I be honest with the players? How can I be truthful with myself?","Donovan explained his accountability philosophy in a media availability session after the Bulls' season ended. He said: 'I'm never going to be coaching 82 games and 48 minutes every night and not look back and say, ""Geez, I made a mistake here, I made a mistake there."" I've been someone that's always looked at myself first.' He continued: 'What I'm not going to do is when [the media] asks me these questions, if I feel like it's on me, I'm not going to come up with something else. I do that, then how can I be honest with the players? How can I be truthful with myself?' He added: 'That locker room to me is really, really sacred. When you stand up in front of your team to talk to them, I want them to feel like: ""This guy is telling us what he really thinks. He's not out here trying to manipulate, trying to spin things.""' He concluded: 'No, I can't. I get the idea that being accountable opens you up to things in this position, but you have to be true to how you feel. That's the only way I can be.'","Chicago Sun-Times, article titled ""Bulls coach Billy Donovan holds himself accountable for team's performance"", by Joe Cowley",article,2022-04-12,day,personal rule,coach_name_search,Billy Donovan basketball media press approach philosophy coaching,https://chicago.suntimes.com/bulls/2022/4/12/23022461/bulls-coach-billy-donovan-accountability-season-start-finish-playoffs,"Article by Joe Cowley, Chicago Sun-Times, April 12 2022. [the media] bracket in quote may be editorial substitution for original pronoun (e.g. 'they'); presented as verbatim in fetched article. Identity confirmed: Chicago Bulls NBA head coach."
16,Nate McMillan,"Head Coach (interim), Atlanta Hawks",But unfortunately my comments were taken out of context. My intentions were never to suggest any type of bias as it relates to the league and our upcoming playoff series.,"We are excited about playoff basketball. It's an exciting time for the NBA. But unfortunately my comments were taken out of context. My intentions were never to suggest any type of bias as it relates to the league and our upcoming playoff series. This type of narrative does not in any way represent me and what I stand for as coach of the Atlanta Hawks. I stand by my position in respecting the Knicks as an organization and applaud the work they have done this season. My team understands the challenge ahead, and we most certainly look forward to the tough competition. That was my intention when I had the conversation a few days ago. We're going to put this behind us.","ESPN, ""Atlanta Hawks interim coach Nate McMillan says his comments about New York Knicks were 'taken out of context'""",article,2021-05-21,day,reflection,coach_name_search,"""Nate McMillan"" basketball ""call out""",https://espn.com/nba/story/_/id/31484735/atlanta-hawks-interim-coach-nate-mcmillan-says-comments-new-york-knicks-were-taken-context,"Original statements May 19 2021 (Zoom media call with Hawks reporters); NBA fine of $25,000 announced May 20 2021; this walk-back statement made at May 21 2021 media availability; quotes verbatim as reported by ESPN contemporaneously"
17,Don Sicko,"Former NCAA Division I men’s head basketball coach, Detroit Mercy Titans (1982–1987); prior assistant coach at Michigan and Kent State; currently a professional scout and regular contributing writer at Hoop Coach (hoopcoach.org). Identity confirmed via Wikipedia, sports-reference.com listing, coachesdatabase.com, and the site's own author page.","While I was watching and listening to Bird, I remembered a Doc Rivers press conference during the Donald Sterling fiasco and the same thought occurred both times- just how damn good both were as they each explained the pertinent circumstances within the vision each had for their programs.","When the ex- Pacers’ President Larry Bird chose not to renew Frank Vogel’s contract and for some reason I chose to watch the entire press conference. Whether one agreed with the decision or not, it was obvious that Bird really would have preferred not to make that decision but felt compelled to do so because he believed Vogel’s “voice” had lost some of its effectiveness over the years (my words, not Bird’s.) When asked by the media if Vogel had “lost the locker-room”, Bird was very firm that wasn’t the case. Bird went on to say that it’s common in the NBA for players to naturally begin to tune out coaches by the 3-year mark. Vogel lasted 5 ½ years and Bird more than implied that Vogel will be hired soon and he would receive Bird’s highest recommendation. While I was watching and listening to Bird, I remembered a Doc Rivers press conference during the Donald Sterling fiasco and the same thought occurred both times- just how damn good both were as they each explained the pertinent circumstances within the vision each had for their programs.",Hoop Coach (hoopcoach.org) — article “10 Tips for Coaches to Deal with the Media”,article,2016-05-13,day,reflection,topic_search_open_web,"slot 13: basketball coach ""media relations"" advice",https://www.hoopcoach.org/10-tips-for-coaches-to-deal-with-the-media/,"Dating is inferential, not read directly off the page (see date_basis) -- flagged for reviewer sign-off on the ~2016 approximate date. Coach-on-coach commentary praising BOTH Bird and Rivers together, rather than Sicko's own statement; classified as statement_type=reflection (Sicko's own reflection on press conferences he observed) since the forced three-way label doesn't have a dedicated 'commentary on others' option -- flagging this labeling choice for reviewer. Same source as other hoopcoach.org rows; see first row's notes for dedup detail. Note: the earlier 'lost the locker-room' phrase in this same passage is NOT a verbatim Bird quote -- it is the media's question as paraphrased by Sicko (third-party recollection) and was correctly excluded rather than recorded (see log near-misses)."
18,Dinah Day,"Image and communications consultant who trains coaches on media interactions (former ESPN sportscaster); engaged by USC athletics, and presented earlier the same year to about 400 high school and college basketball coaches at the Women's Basketball Coaches Association convention","It might be good to spend a half day being inconsiderate, irresponsible, inappropriate and impolite.","Indeed, in one session, the coaches learned a few tips for handling pesky reporters who try to bait them into saying things they later wish they hadn't. Day counseled the coaches to prepare themselves with interesting answers to the sort of tough questions reporters are likely to ask. And she advised them to practice their repartee live, preferably with a video camera, so they can view the tape and make corrections, just as most of them do with their players' performances. All the coaches were videotaped talking about their lives and their opinion of their appearances. A few were also videotaped while they fielded hostile interview questions. The latter brought up a spirited discussion on how to satisfy journalists' needs for colorful quotes and provocative sound bites-without necessarily trashing their opponents or themselves in the process. Some of the coaches shared their unique methods for coping. ""Reporters don't want to listen as slow as I talk,"" said Lisa Love, head coach for women's volleyball, noting that her speech speed can work to her advantage. ""I sometimes don't have to give interviews."" ""In sports, the one thing you don't want to do is come off too cocky,"" head tennis coach Dick Leach warned. But Day found Leach's interview style a bit too considerate, responsible, appropriate and polite. ""It might be good to spend a half day being inconsiderate, irresponsible, inappropriate and impolite,"" she suggested.","Los Angeles Times, Home Edition (feature ""Image Adviser Coaches Coaches"")",article,1990-11-05,day,advice,topic_search_database,"basketball coach dealing with the media advice [ProQuest R-A unquoted variant (disclosed), UCSD 165-database session, Newspapers source-type facet, relevance rank r1]",https://www.proquest.com/docview/3258882387,"D7 professional coach advisor class. KEN'S TABLE RULING row 3 (2026-07-07): KEEP confirmed. SPAN REATTRIBUTION AT BUILD (flagged for Ken, reversible): the register's tabled span (""they're going to have to be much more careful from a media and TV standpoint"") reads in the article as athletic director Barbara Hedges' framing (""If anything, she figured...""), so the row anchors on Day's own verbatim advice span to coach Dick Leach; Day's core counsel (prepare answers to likely tough questions; rehearse on video) is the reporter's paraphrase and stays in passage_context. WBCA sentence verbatim from the article: ""Earlier this year, for example, Day did a presentation for about 400 high school and college basketball coaches attending a convention of the Women's Basketball Coaches Assn. in Knoxville, Tenn."""
19,Lute Olson,Head Basketball Coach University of Arizona,I had a weak moment.,"Q: So Lute, when you talked to myself and to Bruce one day, you were OK to talk to us then? Because you did talk to us. A: I had a weak moment. Q: With FMLA, you can talk right? The lawyers have said you can talk. You just didn't want to. A: I was told that I could not talk. Q: They told you that at the very beginning back in November? A: I think after they read things that I had said to you two guys. So you're the two that got me in trouble.",Lute Olson news conference McKale Center Tucson AZ,presser_transcript,2008-04-01,day,reflection,coach_name_search,"""Lute Olson"" basketball ""press conference""",https://tucson.com/sports/college/wildcats/lute-olson-news-conference-transcript/article_4b4ebd6d-dbca-5f7f-a758-4c85edded03e.html,Borderline: quote is brief (4 words) but passage_context carries the substance; full exchange shows Olson's awareness of the consequences of having spoken to the press; kept per protocol instruction to record all qualifying candidates
20,Walt Hopkins,"WNBA head coach, New York Liberty","But I can't say that, because referees are above reproach. They don't have to go to a press conference after games. They don't have to explain the mistakes they made, why they did what they do. I don't know where the accountability's gonna come from, but it needs to happen.","""There are a lot of things I want to say about the officiating in the WNBA and about the lack of respect this team's gotten all season,"" Hopkins said. ""But I can't say that, because referees are above reproach. They don't have to go to a press conference after games. They don't have to explain the mistakes they made, why they did what they do. I don't know where the accountability's gonna come from, but it needs to happen. It was a bad season. The way they treated us was bad.""",ESPN,article,2021-09-23,day,reflection,coach_name_search,"""Walt Hopkins"" basketball ""call out""",https://www.espn.com/wnba/story/_/id/32267640/new-york-liberty-walt-hopkins-refs-give-us-respect-young-team,"Borderline call: surface topic is officiating (ordinarily OUT as object-level presser speech); flagged IN because the substance is self-censorship reasoning tied to consequence-awareness of criticizing referees, plus an explicit press-conference-accountability contrast. Identity confirmed as WNBA New York Liberty head coach (2020-2021), distinguished from Mike Hopkins (Washington), Walter Hopkins Jr. (Nevada Basketball Academy/UVU), and other same-surname figures in shared search results. Same statement/event also carried by Yahoo Sports (https://sports.yahoo.com/wnba-playoffs-liberty-walt-hopkins-blames-officials-all-season-nneka-ogwumike-mercury-152538580.html); not double-recorded as a separate candidate."
21,David Fizdale,NBA head coach Memphis Grizzlies 2016-2017,"Players in general and coaches pull this card a lot. I'm not sitting here acting like I'm any more original than any other coach. But you're fighting for your team and you're fighting for your life in the playoffs, and you just don't have room to let things go into the next year. The series can be over, so you're always going to fight for your guys.","Speaking Wednesday at Grizzlies practice, the day after the NBA fined Fizdale $30000 for his April 17 postgame rant (take that for data), ESPN reported that Fizdale said he knew the fine was coming but that it did not matter [reporter paraphrase only — not verbatim Fizdale]. His verbatim quoted statement followed: 'Players in general and coaches pull this card a lot,' Fizdale said. 'I'm not sitting here acting like I'm any more original than any other coach. But you're fighting for your team and you're fighting for your life in the playoffs, and you just don't have room to let things go into the next year. The series can be over, so you're always going to fight for your guys.' Also from the same availability: 'It's been fantastic. I have felt that everywhere I've went in the city. The text messages. Obviously, my wife is big into social media, so I get a lot of the social media craziness. It's been some funny stuff. I wasn't expecting all that.'","Press availability at Memphis Grizzlies practice facility, Wednesday April 19 2017",article,2017-04-19,day,reflection,coach_name_search,improvised-supplemental after q4 and q7: David Fizdale basketball take-that-for-data reflection OR regret OR proud OR interview (ESPN fine article surfaced through this investigation),https://www.espn.com/nba/story/_/id/19194858/mike-conley-griz-players-pay-david-fizdale-30k-fine,Apr 17 postgame rant itself (take that for data etc.) is object-level podium talk OUT per instructions; this Apr 19 statement reflects on why coaches make such public statements and is IN; reporter paraphrase (knew the fine was coming but it did not matter) precedes the verbatim quote but is not verbatim Fizdale and is not the candidate quote; producing query was improvised supplemental noted honestly
22,Cheryl Reeve,"Head Coach and President of Basketball Operations, Minnesota Lynx, WNBA","An unprecedented response. Those are things you can't anticipate in the moment. I think for me, being a principled person, there are things I care deeply about. And that's my players' health and safety. That's the fairness to our organization. And when those things are challenged, if I'm not going to speak up, who's going to?","Obviously, not easy. That's probably an understatement. An unprecedented response. Those are things you can't anticipate in the moment. I think for me, being a principled person, there are things I care deeply about. And that's my players' health and safety. That's the fairness to our organization. And when those things are challenged, if I'm not going to speak up, who's going to? So I feel a great responsibility to that end. I wish I was with the team in the last game, but obviously not. So it was hard. Really hard.","Season-end exit interview, Minnesota Lynx, reported by Sports Illustrated",article,2025-09-30,day,reflection,coach_name_search,"""Cheryl Reeve"" basketball ""call out""",https://www.si.com/onsi/womens-fastbreak/news/cheryl-reeve-gets-blunt-about-unprecedented-15-000-wnba-fine-for-referee-tirade-01k6dxq0m5h3,Object-level officiating criticism from the September 26 postgame press conference is excluded; only this exit interview meta-reflection qualifies. Reeve was fined a record $15000 and suspended for Game 4 of 2025 WNBA playoffs after her postgame press conference comments about officiating. Quotes verified via multiple WebFetch calls to SI article.
23,Dan Issel,Denver Nuggets head coach (1992-95; first season at publication); Hall of Fame player; out-of-roster NBA coach (tenure predates the 2006-2025 frame),"I look at it the same way as when I was a player. If I had a game where I stunk up the joint, then I expected the reports to be that I was bad. I think that's the way it's supposed to be. There's only been a couple of articles in the paper that I thought were unfair, negatively unfair. But you're going to have that all the time, so it hasn't been that bad.","Midway through the season, Issel ordered writers moved down the press table away from the Nuggets bench so his timeout tirades could not be quoted in the papers. For all the public criticism of Moe for his sideline profanity and Westhead for his sideline silence, neither took that step. ""I look at it the same way as when I was a player,"" Issel said. ""If I had a game where I stunk up the joint, then I expected the reports to be that I was bad. I think that's the way it's supposed to be. There's only been a couple of articles in the paper that I thought were unfair, negatively unfair. But you're going to have that all the time, so it hasn't been that bad.""","Rocky Mountain News, season-end feature interview (Dave Krieger)",newspaper_article,1993-04-20,day,personal rule,topic_search_database,"AWN slot 13: basketball coach ""media relations"" advice (alltext), page 3 rank 18",https://infoweb.newsbank.com/apps/news/document-view?p=AWNB&docref=news/0EB4DC604CB40752,"Attribution interjection removed at quote join. Passage context carries the narrated press-table quote-control move (no direct quote of it exists — Valvano-class, noted). C50-C52/T04-T05 same-source precedent: distinct statement from the same interview as the companion row. Archive awnf_s13p3_r18_issel."
24,John Calipari,"Head Coach, University of Kentucky (NCAA basketball)",I don't need to explain myself to my friends. They don't need to hear it. The others don't need to hear it anyway. Some like you; some don't. I'm not here for a popularity contest. I coach young people.,"Q. Cal, you dodged the lightning bolt question a minute ago. There are some strong opinions about you, positive and negative. How do you react to that? What do you think your image is nationally? CALIPARI: Depends on who you talk to, I guess. I don't need to explain myself to my friends. They don't need to hear it. The others don't need to hear it anyway. Some like you; some don't. I'm not here for a popularity contest. I coach young people. I'm worried about those 13, I'm worried about their families, I'm worried about the campus, I'm worried about the city I live in, the state I live in. Other than that, I'm not. If you beat somebody five times in a row, I don't think their fans are all going to be happy with you. If they are, it's probably 400 showed up for the game. But that's all part of what we do.","ASAP Sports press conference transcript, 2012 NCAA Men's Final Four, New Orleans, April 1, 2012",presser_transcript,2012-04-01,day,personal rule,coach_name_search,"site:asapsports.com ""John Calipari"" basketball [query 10]",http://www.asapsports.com/show_interview.php?id=78966,Statement is about non-engagement with critics generally rather than press conferences specifically; borderline because the communication philosophy is inferred from not-explaining-himself stance rather than named as a media rule. Query 10 yielded multiple ASAP transcripts; 2015 Final Four transcript (ID 108066) confirmed already-in-corpus quote; 2025 Arkansas vs Kansas transcript (ID 205660) yielded near-miss ('should I say it that way?'). The 2012 Final Four transcript (ID 78966) is the current candidate source.
25,Flip Saunders,"Minnesota Timberwolves head coach (at publication); later Detroit, Washington, Minnesota; recently-active roster coach",I think the thing is you have to deal with coaching players and dealing with the media within your personality. My only advice to anybody is you have to do what is comfortable.,"One of the reasons Saunders makes himself so accessible - especially in the case of talk radio - is because he understands the media's role. ""A lot of times things they do are to create listenership,"" he said. ""I kind of take everything with a grain of salt and look at it more as an enjoyable fun type of thing rather than a thing that can be adversarial."" While Saunders is comfortable taking this approach, he said the same cooperation can't be expected from everyone. ""I think the thing is you have to deal with coaching players and dealing with the media within your personality,"" he said. ""My only advice to anybody is you have to do what is comfortable.""","Minnesota Star Tribune, BROADCAST SPORTS column (Judd Zulgad)",newspaper_article,2000-03-03,day,advice,topic_search_database,"AWN slot 2: basketball coach ""dealing with the media"" advice (alltext), page 1 rank 19",https://infoweb.newsbank.com/apps/news/document-view?p=AWNB&docref=news/0EFCCD12B3C9D073,"Attribution interjection ('he said') removed at quote join, both sentences verbatim contiguous in source. Speaker expected in frame roster - roster_match to be verified at any merge build. Source is the Star Tribune, a documented census paywall block (429). SOURCE-URL CORRECTION 2026-07-07: recorded docref replaced with the archived article's self-identifying docref (pilot results-page extraction was misaligned by one rank; see README 2026-07-07). PROQUEST RE-FIND 2026-07-09 (run log slot 2 r29): the same Star Tribune column page, dated 2000-03-03, was independently re-found and its OCR text re-verifies this passage and date. First observed AWN/ProQuest cross-vendor overlap."
26,Doug Collins,NBA head coach (Chicago Bulls 1986–89; Detroit Pistons 1995–98; Washington Wizards 2001–03; Philadelphia 76ers 2010–13); Naismith Memorial Basketball Hall of Fame inductee 2024,I thought I was just talking about sort of what I expected. And I think as a coach that's what you do -- there was nobody called out.,"Collins, speaking to reporters at a Sixers practice the day after his viral 11-minute postgame press conference, reflected: ""I guess I was trending,"" Collins joked. ""Viral, trending. I said, 'What is all this stuff?' It was interesting, I went back and I thought, 'Wait a second,' I didn't get the slam, I didn't get being hard, all that kind of stuff. I thought I was just talking about sort of what I expected. And I think as a coach that's what you do -- there was nobody called out. I've always been disappointed if I felt like the team didn't do everything we could to win. I was trying to get the spin on this about how this was spun that I was being so hard. But I don't think I did that at all. I was shocked, my phone was blowing up on me and stuff like that. I didn't realize I had been so tough.""",Collins surprised by stir over comments — ESPN Bulls Blog; corroborated by Collins shocked by reaction to postgame rant — NBC Sports Philadelphia,article,2013-03-01,day,reflection,coach_name_search,"""Doug Collins"" basketball coach ""call out"" (query 4)",https://www.espn.com/blog/chicago/bulls/post/_/id/12381/collins-surprised-by-stir-over-comments,Corroborated verbatim at https://www.nbcsportsphiladelphia.com/nba/collins-shocked-by-reaction-to-postgame-rant/391585/ (Feb 28 / Mar 1 2013); original rant was an 11-minute February 27 2013 postgame press conference after 76ers loss to Orlando Magic; Collins also adds 'I have never been a guy that if you lost a game but competed to your best I was never disappointed' — this extends the personal rule (disappointment threshold drives public criticism); basketball identity confirmed: Paul Douglas Collins born July 28 1951 former Sixers player turned NBA head coach and broadcaster — not Rep. Doug Collins (Georgia politician)
27,John Wooden,"College head coach (UCLA, 1948-1975)","I would never publicly criticize a player for poor performance. Even in moments of extreme frustration, I would check myself because it just didn't seem right—because it didn't seem like something my father would have done.","In his book with Don Yaeger, A Game Plan for Life, Coach expanded on how his father's example impacted the way he talked about his players: I would never publicly criticize a player for poor performance. Even in moments of extreme frustration, I would check myself because it just didn't seem right—because it didn't seem like something my father would have done. I admired my father's refusal to speak badly about others, but I don't think I necessarily set out to make that a rule for myself. I imagine I considered that to be too lofty a goal. Yet as time went on, I found it was a practice that had etched itself onto my soul, so that if I ever slipped up on that matter, I felt pain rather than satisfaction.","A Game Plan for Life (book with Don Yaeger), quoted at TheWoodenEffect.com",book,2009,year,personal rule,coach_name_search,"""John Wooden"" book excerpt criticize player publicly press",https://www.thewoodeneffect.com/never-criticize-keep-it-positive/,"Verified verbatim on TheWoodenEffect.com (official Wooden-family site, page dated 2019-07-10), which attributes it to A Game Plan for Life (2009); book text itself not independently checked. Secondary source page. Attribution given as A Game Plan for Life (Wooden with Don Yaeger). Text verbatim as rendered on secondary source page; introductory framing sentence is from the secondary-source author. No Open Library search attempted for this item."
28,Andrea Kirby,"Founder, Andrea Kirby Coaches Inc.; former sportscaster; pioneer professional media coach for athletes and coaches (2,000+ clients incl. NBA teams); professional coach advisor",He learned how he looked - stupid - and why writers were asking him those questions. He learned the questions weren't personal and how to answer them.,"Among the biggest concerns athletes have is feeling out of control in front of the press, Kirby says. ""The most common mistakes they make are they assume [the press] is all out to get them, some think they don't need the media, others think they have to be different or perfect, and that they have to answer the question. All of those are wrong. My whole drill is to ... get them in the right attitude and then teach them some skills, and one of the key skills is to tell stories."" ... In a press conference this year new Toronto Raptors coach Darrell Walker was defensive, feisty, and rude when asked to answer questions about his star player. Not only did he use profanity, but he ridiculed reporters. During a workshop for the team's coaches and managers, Kirby showed the tape. ""He learned how he looked - stupid - and why writers were asking him those questions,"" she says. ""He learned the questions weren't personal and how to answer them.""","The Christian Science Monitor, feature on sports media coaching",newspaper_article,1997-07-09,day,advice,topic_search_database,"AWN slot 4: how basketball coaches should handle the media (alltext), page 2 rank 3",https://infoweb.newsbank.com/apps/news/document-view?p=AWNB&docref=news/0EB41EF88E1FCFAE,"BORDERLINE under the 2026-07-06 basketball-specific ruling: Kirby's practice and the main quote span all sports; the basketball-specific span is the Walker presser-conduct passage (included in passage_context). Bracketed [the press] and mid-quote ellipsis are IN THE SOURCE as printed. FIRST female professional-adviser speaker if kept. QUOTE CORRECTION 2026-07-07 (directing session, Ken's R2 adviser-specificity ruling): the originally recorded quote was Kirby's generic all-sports advice span ('The most common mistakes they make...'), excluded under the ruling; the item is re-anchored to the basketball-specific Walker span from the same source passage. The generic span remains visible in passage_context. Attribution interjection ('she says') removed at the sentence join. SOURCE-URL CORRECTION 2026-07-07: recorded docref replaced with the archived article's self-identifying docref (pilot results-page extraction was misaligned by one rank; see README 2026-07-07)."
29,Paul Hewitt,Georgia Tech men's head basketball coach (2000-2011); out-of-roster college coach,"You read so many stories about how kids are making poor decisions in what they send out. Sometimes the coaches do, too.","Shumpert didn't make much of an argument with his coach, nor did he have room to because Hewitt has taken his own advice. Hewitt had a bad experience with Twitter last season and has stopped tweeting for now. ""You read so many stories about how kids are making poor decisions in what they send out,"" Hewitt said. ""Sometimes the coaches do, too."" He laughed. He was alluding to his exchange with Tech fans on Twitter in February, when he called out critics and challenged fans not ""to be judgmental"" but to support the team, creating a backlash.","The Atlanta Journal-Constitution, ACC Media Day story on coaches' use of Twitter (Carroll Rogers)",newspaper_article,2010-10-26,day,reflection,topic_search_database,"AWN slot 4: how basketball coaches should handle the media (alltext), page 8 rank 1",https://infoweb.newsbank.com/apps/news/document-view?p=AWNB&docref=news/1331A16D4B1664E8,"Attribution interjection removed at quote join. D1 social-media venue scope: coach meta-statement about public posting, printed in a newspaper. His player-directed line ('I always tell them, You're not that important') EXCLUDED under R1. Archive awnf_s4p8_r1_twitter."
30,Roy Williams,UNC/Kansas head basketball coach,"There was a time that I wanted to make sure that I almost never cursed. And then I started getting away from that. And, so, when I did that, I wanted to try to not get out of hand. And, so, dadgum was very easy because I used that my whole life, even when I was a kid in high school. And then people laughed at it and I always thought, ""let's just give them something to complain about."" ... I didn't want the real bad ones, to say the least. ... I'll have years where I'll be a lot better than other years. Only the last five or six have I felt like I've done a poor job of that. The rest of the time, I thought I've done all right.","On the ""Royisms"" episode of ""Roy: That Dadgum Legend"" podcast, Williams explains his approach to cursing in public (the article separately notes an actual curse word ""slipped out during a Notre Dame press conference""), describing a self-imposed limit (e.g., aiming for no more than seven curse words his first year at Kansas) and his substitute word ""dadgum"": ""There was a time that I wanted to make sure that I almost never cursed. And then I started getting away from that. And, so, when I did that, I wanted to try to not get out of hand. And, so, dadgum was very easy because I used that my whole life, even when I was a kid in high school. And then people laughed at it and I always thought, ""let's just give them something to complain about."" ... I didn't want the real bad ones, to say the least. ... I'll have years where I'll be a lot better than other years. Only the last five or six have I felt like I've done a poor job of that. The rest of the time, I thought I've done all right.""","""Roy: That Dadgum Legend"" podcast (Capitol Broadcasting/WCMC), as reported by Tar Heel Tribune",podcast,2021-10-27,day,personal rule,coach_name_search,"Q9 - ""Roy Williams"" basketball podcast (media OR press)",https://tarheeltribune.com/2021/10/27/in-podcast-roy-talks-bernstein-interview-cursing-and-why-he-said-yes-to-unc-the-2nd-time/,
31,Rick Pitino,"college head coach (St. John's 2023- ; formerly Providence, Kentucky, Louisville, Iona; NBA Knicks and Celtics)","I should never, ever mention a name","He took responsibility for singling players out in front of the media. ""I should never, ever mention a name,"" Pitino said. ""I'm a veteran coach. I tell every young coach in the business: Show class when you win; show class when you lose; give the other team credit.""","Remarks to media, February 21, 2024, quoted in Yahoo Sports article",article,2024-02-21,day,personal rule,coach_name_search,"""Rick Pitino"" publicly",https://sports.yahoo.com/rick-pitino-apologizes-for-publicly-criticizing-st-johns-players-takes-all-the-blame-i-have-failed-them-172552900.html,"Same fetched article also quotes: ""I wasn't ripping them. That wasn't my intent. But words matter."" and ""I'm a veteran coach. I tell every young coach in the business: Show class when you win; show class when you lose""; context: apology for criticizing St. John's players by name after the Feb 18, 2024 Seton Hall loss. Yahoo Sports article. Quote confirmed verbatim. WebFetch rendered 'l tell' (lowercase-L) in one pass — likely serif font-rendering artifact for 'I tell'; passage_context uses corrected form."
32,Billy Donovan,"Head coach, men's basketball, University of Florida (1996-2015; at time of statement)","When people start getting into forecasting where they're going to be or what they're going to do, and I've seen a lot of coaches over the years come out and say, 'No, no, no, no, I'm not going anywhere, I'm not going anywhere,' and then all of a sudden they go somewhere, and it's like, 'Well, this guy is a complete liar.' I don't want to get into that situation.","Donovan was speaking to reporters about NBA coaching interest (the Cleveland Cavaliers had reportedly contacted him) while he remained at Florida. He said: 'All I can say is I love Florida, I'm happy here ... the school's been great to me. But at the same point, some of the NBA stuff, as I've said before, is intriguing in a lot of ways -- the basketball part of it.' He then said: 'I think when you start making guarantees about life and start making guarantees about where you're going to be, that's not good because if for some reason I ever change my mind and did something, I wouldn't want (people) saying, ""Well, he promised, he guaranteed, he said this on record."" I just think when you start doing that, that's a mistake.' He continued: 'When people start getting into forecasting where they're going to be or what they're going to do, and I've seen a lot of coaches over the years come out and say, ""No, no, no, no, I'm not going anywhere, I'm not going anywhere,"" and then all of a sudden they go somewhere, and it's like, ""Well, this guy is a complete liar."" I don't want to get into that situation.'","ESPN Men's College Basketball Blog, article titled ""Billy Donovan doesn't want to lie to you"", by Eamonn Brennan",article,2014-05-28,day,personal rule,coach_name_search,Billy Donovan not going to come up with something else how can I be honest with the players [partial-quote follow-up search that surfaced this article as a related result],http://www.espn.com/blog/collegebasketballnation/post/_/id/99120/billy-donovan-doesnt-want-to-lie-to-you,"Article by Eamonn Brennan, ESPN blog, May 28 2014. Context: NBA interest in Donovan while at Florida; Cleveland Cavaliers reportedly contacted him. Article surfaced via partial-quote follow-up search during verification of the Sun-Times Donovan candidates. Identity confirmed: University of Florida men's basketball head coach."
33,Dave Joerger,NBA head coach Sacramento Kings 2016-2019,"There was no veiled shots at anybody. [De'Aaron Fox] gushed about him, and [Bogdan Bogdanovic] gushed about him and his ability. It was just out of love and positivity, and people tried to turn it into something between like [Kings general manager Vlade Divac] and I. Vlade and I are [close], like absolutely. Three years now we've been working together, and we love it. I love it.","Joerger told reporters in Minnesota on Monday, a day after his praise for Doncic in Dallas made headlines. On Sunday in Dallas Joerger had said: 'Perhaps there was an idea that there was a ceiling on him. I don't see it, unfortunately for us. But he's great for them and he's great for our league.' Joerger then clarified on Monday: 'There was no veiled shots at anybody. [De'Aaron Fox] gushed about him, and [Bogdan Bogdanovic] gushed about him and his ability. It was just out of love and positivity, and people tried to turn it into something between like [Kings general manager Vlade Divac] and I. Vlade and I are [close], like absolutely. Three years now we've been working together, and we love it. I love it.' Joerger also said: 'When we drafted Marvin at 2, we were high-fiving like crazy. We got the right guy for us and where we're going to be.'",Press availability to reporters in Minneapolis (Timberwolves game day),article,2018-12-17,day,reflection,coach_name_search,q4-ALWAYS20-p2: Dave Joerger basketball call-out critic OR criticism OR publicly (lead surfaced Joerger/Divac/Doncic story; followed up with Dave Joerger Luka Doncic Marvin Bagley draft press media quote),https://www.espn.com/nba/story/_/id/25561727/sacramento-kings-coach-dave-joerger-no-veiled-shots-anybody-praising-dallas-mavericks-rookie-luka-doncic,Original statement made Dec 16 in Dallas; clarification Dec 17 in Minneapolis; editorial brackets in printed quote are as printed in ESPN article; second Joerger quote (When we drafted Marvin at 2 ...) recorded in passage_context only
34,Mark Jackson,"Head coach, Golden State Warriors, discussing his prior broadcasting career","I'm not doing it to kill anybody. All I'm doing is speaking the facts, the same way if a coach would make a mistake, I'm going to speak the facts... Just because I'm a coach, I'm not going to all of a sudden think that every coach makes the right move. That's just not the case. I'm just going to speak the facts.","Asked, ""Did any players ever come up to you after games and argue with what you said on television?"" Jackson answered: ""Oh, yeah. There weren't a lot. In six or seven years, I've probably had only one guy really upset at something that I said, and that guy I know very well"" (an account strongly implying Jason Kidd, then with the Nets, not speaking to him for a period after on-air criticism). He continued: ""I'm not doing it to kill anybody. All I'm doing is speaking the facts, the same way if a coach would make a mistake, I'm going to speak the facts."" And: ""Just because I'm a coach, I'm not going to all of a sudden think that every coach makes the right move. That's just not the case. I'm just going to speak the facts.""","Grantland, The Triangle (Jonathan Abrams)",article,2011-10-12,day,personal rule,coach_name_search,book excerpt (media OR press),https://grantland.com/the-triangle/qa-golden-state-warriors-coach-mark-jackson/,Grantland is defunct but this page still resolves live. WebFetch's intermediary model declined to reproduce longer spans citing copyright; passage reconstructed from two independent fetch passes that agreed on wording.
35,Jim Boeheim,college head coach (Syracuse 1976-2023),"I would like to clarify remarks I made in a conversation I had with a media member following our game on Saturday evening. I apologize to the schools I mentioned. I believe the ACC member institutions are in compliance with NCAA rules governing Name, Image and Likeness (NIL). It was not my intention to imply otherwise.","Syracuse men's basketball coach Jim Boeheim has issued an apology after claiming other ACC schools have deceitfully used NIL to build their rosters. ""I would like to clarify remarks I made in a conversation I had with a media member following our game on Saturday evening,"" Boeheim said in a statement. ""I apologize to the schools I mentioned. I believe the ACC member institutions are in compliance with NCAA rules governing Name, Image and Likeness (NIL). It was not my intention to imply otherwise.""","Written statement, February 6, 2023, quoted in Fox Sports story",article,2023-02-06,day,reflection,coach_name_search,"""Jim Boeheim"" apology 2021 reporter height ""I shouldn't have""",https://amp.foxsports.com/stories/college-basketball/syracuse-coach-jim-boeheim-college-basketball-in-awful-place,"Original remarks (that Pittsburgh, Wake Forest and Miami 'bought' their teams) were made to a media member Feb 4, 2023; follow-up query descended from prescribed ""Jim Boeheim"" ""press conference"". Fox Sports AMP page. Quote confirmed verbatim across multiple fetches. Surrounding prose confirmed via WebFetch re-fetch."
36,Don Sicko,"Former NCAA Division I men's head basketball coach, Detroit Mercy Titans (1982-1987); prior assistant at Michigan and Kent State; professional scout and hoopcoach.org contributor (identity confirmed by agent t14 via Wikipedia, sports-reference and coachesdatabase); out-of-roster coach","But, don't be over-apologetic either. Keep your level of disappointment at a minimum. Be even-keeled and don't let despair or pessimism seep into your words. Every time you speak publicly, it's an opportunity to ""coach"" your players, constituents and even the media themselves. Don't over-speak. That's often when you can be misinterpreted. Be yourself but be your best self.","Now, most coaches don't and can't have the same ""juice"" as Bird and Rivers but there are certain attributes that all coaches can recognize and put to work when working with the media: Be comfortable in your own skin. Don't try to be ""like"" someone else. Be conversational. That's really what it is. Be respectful of the questioner and everyone and everything you discuss. The moment you're not, it will bite you back. Word always gets back. If a question seems adversarial, don't reciprocate. If a question seems ""dumb"", maybe it is, but answer it as if it isn't. Be humble if things are going well or not. But, don't be over-apologetic either. Keep your level of disappointment at a minimum. Be even-keeled and don't let despair or pessimism seep into your words. Every time you speak publicly, it's an opportunity to ""coach"" your players, constituents and even the media themselves. Don't over-speak. That's often when you can be misinterpreted. Be yourself but be your best self. There are many ways to build a program and media opportunities are great vehicles. Work on this aspect of the profession like you do at all other aspects. Some coaches are great at this phase but all coaches can be effective.","'10 Tips for Coaches to Deal with the Media', hoopcoach.org (Don Sicko)",article,2016-05-13,day,advice,topic_search_open_web,"slot 2 (t2, reissue 1) and slot 4 (t4, near-miss): excluded by both agents on the live page's post-cutoff byline; re-dated and recovered by the directing session via Wayback CDX (19 captures 2016-2025) and the 2016 snapshot",https://www.hoopcoach.org/10-tips-for-coaches-to-deal-with-the-media/,RECOVERY PROVENANCE: agent t2 verified the 'Don't over-speak' tip verbatim on the live page; full text verified by the directing session in the 2016 snapshot; quote is a run of consecutive list items with order preserved and nothing omitted (list line breaks flattened to spaces). Author bio is the on-page source for the D1-head-coach claim; his specific program was not independently identified - flagged. Out-of-roster coach: collect and flag per D6. SPEAKER ENRICHMENT 2026-07-05: role updated with agent t14's identity confirmation.
37,George Karl,former NBA head coach,"Probably to be more careful. For me, I was thinking about a conversation with the fan. The filter that coaches have to have on when they're coaching, I probably took that off a little too much.","Q: What would you tell your past self before starting this project, knowing how it has been received? A: 'Probably to be more careful. For me, I was thinking about a conversation with the fan. The filter that coaches have to have on when they're coaching, I probably took that off a little too much. Again, it's the first time I've gone through this process.'",Sports Illustrated Q&A — 'George Karl Q&A: This Isn't What I Wanted',article,2017-01-11,day,reflection,coach_name_search,"[""George Karl"" basketball book excerpt (media OR press)]",https://www.si.com/nba/2017/01/11/george-karl-book-furious-george-reaction-carmelo-anthony-kings-nuggets,Q&A conducted by SI after backlash from Furious George book publication; Karl is reflecting on the difference between how coaches communicate publicly while active vs. how he communicated in the memoir. The 'filter' framing states a generalizable coaches' norm about public speech.
38,Al McGuire,"Naismith Hall of Fame coach (Marquette, 1977 NCAA champion); NBC college basketball analyst at publication; CLASSIC ROSTER COACH",You must say what you think with no fear. I don't think you should try to create a Nagasaki or a Hiroshima. I don't think you should try to create an incident. But you have to say what you think.,"McGuire: I can't be your friend and your flatterer, too. I'm behind the mike for two hours, and I have to say what I think. And I say it before the fact. Sometimes it's easy and sometimes it's not. I'm not a patsy. I'm not a house man. And I think a lot of the young people trying to get into it are becoming house men. They seem to be favoring what the station or the commissioner of the conference wants. And I think with these people - these guys and girls who are moving into TV - that will only last for a year or so and they'll end up as kamikaze pilots. You must say what you think with no fear. I don't think you should try to create a Nagasaki or a Hiroshima. I don't think you should try to create an incident. But you have to say what you think.","Rocky Mountain News, NCAA Final Four preview column (teleconference interview with Randy Holtz; joint Vitale/McGuire feature)",newspaper_article,1990-03-26,day,personal rule,topic_search_database,"AWN slot 4: how basketball coaches should handle the media (alltext), page 2 rank 6",https://infoweb.newsbank.com/apps/news/document-view?p=AWNB&docref=news/0EB4D5839A13CCE0,"Same source also contains a second McGuire span ('I really don't read the papers... I never did even as a coach') reaching back to his coaching practice - candidate extension for Ken. Venue is his analyst role, post-coaching; roster membership is via HOF coach category. SOURCE-URL CORRECTION 2026-07-07: recorded docref replaced with the archived article's self-identifying docref (pilot results-page extraction was misaligned by one rank; see README 2026-07-07)."
39,Bill Self,"Head coach, men's basketball, University of Kansas; Naismith Basketball Hall of Fame inductee (2024); active","I shouldn't have done it, because all it did was bring more attention to what was said.","Self released a statement on X requesting any criticism about the team be directed at him, after Kansas guard Zeke Mayo posted racist and threatening messages he had received following the Jayhawks' loss to Texas Tech. In a subsequent Sunday night telephone interview, Self said: 'I shouldn't have done it, because all it did was bring more attention to what was said.' He added: 'I feel like there's been some unfair personal attacks and criticism, but not by people that matter. A lot of that comes from people who are not KU fans.' He also said: 'So much of young people's identify is what people are saying about them on social media. I wanted to get that point out that these kids care.'","Hoops HQ, article titled ""I Shouldn't Have Done It"": Bill Self Regrets Addressing Social Media Hate, by Seth Davis",article,2025-03-03,day,reflection,coach_name_search,Bill Self basketball publicly statement apology retract walk back reporters,https://www.hoopshq.com/big-12/ncaa-mens-basketball-kansas-jayhawks-zeke-mayo,Self issued the original statement on X on approximately March 1-2 2025 (after Saturday game vs. Texas Tech); the reflection/regret quote appeared in the subsequent telephone interview with Seth Davis published March 3 2025. Near-cutoff: TRUE (2025). Identity confirmed: Kansas men's basketball head coach.
40,John Calipari,"Head Coach, New Jersey Nets (NBA)","I would like to apologize to Dan Garcia for my ill-advised attempt at humor and insensitivity for the remark. In retrospect, I can understand how the remark could have been misinterpreted. I have apologized to him personally and in writing. In no way was my intent to be derogatory in a racial context, and I am sorry for any pain my remarks have caused.","Calipari, then coaching the New Jersey Nets, made the offensive remark to Star-Ledger reporter Dan Garcia during an interaction the previous week. He delivered this prepared statement before a game against the Lakers at the Meadowlands, acknowledging the incident and attempting to explain it as a failed attempt at humor that caused offense. Calipari stated: ""I would like to apologize to Dan Garcia for my ill-advised attempt at humor and insensitivity for the remark. In retrospect, I can understand how the remark could have been misinterpreted. I have apologized to him personally and in writing. In no way was my intent to be derogatory in a racial context, and I am sorry for any pain my remarks have caused.""","Pre-game prepared statement, Meadowlands Arena, NJ (before NJ Nets vs. Los Angeles Lakers, c. March 24-25, 1997)",other,1997-03-25,day,reflection,coach_name_search,"""John Calipari"" basketball book excerpt (media OR press) [query 8 surfaced Bounce Back review citing incident; partial-quote follow-up search led to CBS Sports source]",https://www.cbssports.com/nba/news/john-calipari-to-pay-phones-journey-down-the-rabbit-hole/,Original remark in parking lot after practice; apology delivered as formal prepared statement before a game. CBS Sports source is a retrospective feature piece but quotes verbatim prepared statement. Provenance is speaker-authored/verbatim-contemporaneous (publicly delivered prepared statement widely reported in contemporaneous press).
41,Rick Pitino,basketball coach (author),"...and I was criticized for what I said during the press conference. One thing that I came to realize is that in the midst of a bad situation, when something comes out and you want to answer it, don't answer it. Nothing good can come of it.","...and I was criticized for what I said during the press conference. One thing that I came to realize is that in the midst of a bad situation, when something comes out and you want to answer it, don't answer it. Nothing good can come of it. [Fuller surrounding sentences before/after this passage were not retrievable beyond the Internet Archive search-inside snippet window -- see notes.]","The One-Day Contract: How to Add Value to Every Minute of Your Life (Rick Pitino with Eric Crawford, St. Martin's Press, 2013)",book,2013,year,personal rule,coach_name_search,Q12 - archive.org/openlibrary full-text channel,https://archive.org/details/onedaycontractho0000piti,"Speaker-authored memoir/self-help book -- satisfies PROVENANCE(B). Quote assembled from multiple confirmed overlapping snippets via chained Internet Archive search-inside queries (openlibrary.org/search/inside.json), across two scanned editions (identifiers onedaycontractho0000piti and onedaycontractho0000piti_x3p6). Text before ""and I was criticized"" not retrievable beyond the snippet window; book not otherwise browsable in this account."
42,Red Auerbach,"Head coach, Boston Celtics",I never blasted a player of mine in public. My job is taking after the other guys.,"The day after the luncheon, Auerbach talked it out with Cousy. ""I explained everything to Bob, and we straightened it out. I didn't apologize; I didn't expect him to. There was no need for either of us to be sorry. We both understood the papers wanted an issue, and that was why they said I blasted Bob. After one day, there was nothing around our club about the incident, no reminders, no leftovers, no bad feelings. I never blasted a player of mine in public. My job is taking after the other guys.""",SPORT Magazine,article,1956-02,month,personal rule,coach_name_search,"Follow-up partial-quote search ""Press hospitality was never high on Red Auerbach's"" (run without ""basketball""), itself triggered by Q12 archive.org/openlibrary search for ""Red Auerbach"" press",https://from-way-downtown.com/2021/10/31/%EF%BF%BCred-auerbach-hothead-on-the-boston-bench-1956/,Confirmed non-duplicate of the already-in-corpus Auerbach item named in the launch-message guard.
43,George Karl,NBA head coach (Denver Nuggets),"After the game, which we lost 100–94, I had to talk to the media about it. Should I show my disgust at Melo's childishness and lack of respect? No. I tried to be calm and understanding of behavior I couldn't understand at all. So I swallowed my tongue.","After the game, which we lost 100–94, I had to talk to the media about it. Should I show my disgust at Melo's childishness and lack of respect? No. I tried to be calm and understanding of behavior I couldn't understand at all. So I swallowed my tongue. 'There's a thin line between passion and emotional immaturity,' I said. 'It happens all the time, to coaches, too. We snap and act like idiots on the sideline because of the emotional stress of the game.'","Furious George: My Forty Years Surviving NBA Divas, Clueless GMs, and Poor Shot Selection (Fox Sports excerpt)",book,2017-01,month,reflection,coach_name_search,"[""George Karl"" basketball book excerpt (media OR press)]",https://www.foxsports.com/stories/nba/george-karl-on-his-wtf-moments-in-the-nba,Distinct from both corpus items: 'I was calm when I met the media after the game' (about Kenyon Martin incident) and 'The volume of questions about Carmelo eventually wore me down' (about cumulative media pressure). This passage is about Karl's specific postgame press conference decision after the 2009 Carmelo refusal-to-leave game. Verbatim confirmed at Fox Sports fetch.
44,Chris Werle,Sports marketing/communications strategist and consultant (Werle Consulting); non-coach adviser,Coach Hoiberg came into this interview knowing he wanted to get certain points across. He doesn't wait for the questions to be asked. He answers the questions thrown at him and rather than wait for the next he segues into one of the messages he wants to convey.,"Here are two examples of post-game interviews. And as you watch these, imagine you are an alumnus or the parent of a high school student currently being recruited by these schools. The first is Fred Hoiberg as coach of Iowa State University while still early in his coaching career. Coach Hoiberg came into this interview knowing he wanted to get certain points across. He doesn't wait for the questions to be asked. He answers the questions thrown at him and rather than wait for the next he segues into one of the messages he wants to convey.","AthleticDirectorU.com article, ""College Head Coaches Are Blowing Media Opportunities""",article,2019,approximate,advice,topic_search_open_web,"slot 7: advice for coaches postgame press conference (page 1, first read)",https://athleticdirectoru.com/articles/college-head-coaches-blowing-media-opportunities/,"Subject coach Fred Hoiberg verified as Iowa State University men's basketball head coach (2010-2015; later Chicago Bulls, Nebraska); no misattribution risk."
45,Rick Pitino,"basketball coach (between coaching jobs, post-Louisville)","For years I have stayed away from Twitter because there was very little positivity. I will stay completely away from cynicism and destructive words. I hope to bring a spirit of optimism, which is so needed today.","Rick Pitino has a brand-new Twitter account, and it is absolutely glorious... But then Slick Rick came out of the gates with the greatest debut tweet since Edward Snowden's ""Can you hear me now?"" Drink this in, America: ""For years I have stayed away from Twitter because there was very little positivity. I will stay completely away from cynicism and destructive words. I hope to bring a spirit of optimism, which is so needed today."" -- Rick Pitino (@RealPitino) September 20, 2018","Twitter/X (@RealPitino), reproduced via The Ringer",social_via_page,2018-09-20,day,personal rule,coach_name_search,"Q5 - ""Rick Pitino"" basketball ""public relations""",https://www.theringer.com/2018/09/28/college-basketball/rick-pitino-twitter-account-book-tour-blog-public-relations,"Distinct from already-in-corpus ""I should never, ever mention a name"" (Yahoo 2024) item -- different source, content, and year."
46,Michael Malone,NBA head coach (Denver Nuggets 2015-2025),The only thing I'll say regarding that -- and I apologize to our veterans -- anything that's going on in our locker room should be left in the locker room.,"Denver Nuggets coach Michael Malone apologized to his veteran players for calling them out for a lack of leadership following a loss to the Sacramento Kings on Tuesday. ""The only thing I'll say regarding that -- and I apologize to our veterans -- anything that's going on in our locker room should be left in the locker room,"" he said prior to the Nuggets' 127-99 loss to the San Antonio Spurs Thursday night. ""So I failed in that regard the other night. I let my frustrations after that loss get the best of me. ""If I have issues with our veterans, I'll address it with our veterans one-on-one to try and resolve whatever issues there may be.""","Nuggets pregame media availability, as reported by ESPN.com",article,2017-01-05,day,advice,coach_name_search,"""Michael Malone"" ""call out"" [search results restricted to espn.com]",http://www.espn.com/nba/story/_/id/18417393,"ESPN.com news services article (Jan 6, 2017) says the remarks came prior to Thursday's game, i.e. Jan 5, 2017; at the same availability Malone added: ""Last game I was frustrated with that, but as I mentioned, that shouldn't have come out in the media."" PASSAGE SOURCE: https://www.espn.com/nba/story/_/id/18417393"
47,Gary Williams,"Head Men's Basketball Coach, University of Maryland (1989–2011)","I wasn't bad. In the ACC they gave you 10 minutes from the time you got to your locker room after the game 'til you got to the press conference afterward. And by then I was usually OK. I never called out a player individually, so I wasn't going to call out [a media member]. I might not answer the questions with much substance or much energy, but at the same time, I don't remember ever going after a media member individually other than implying it was a dumb question that they asked. I'm sure I did that once in a while.","Q: On whether he ever went after media members. A: ""I wasn't bad. In the ACC they gave you 10 minutes from the time you got to your locker room after the game 'til you got to the press conference afterward. And by then I was usually OK. I never called out a player individually, so I wasn't going to call out [a media member]. I might not answer the questions with much substance or much energy, but at the same time, I don't remember ever going after a media member individually other than implying it was a dumb question that they asked. I'm sure I did that once in a while.""","Kevin Sheehan Show (radio interview); reported in 247sports article ""Maryland basketball: Gary Williams on Penn State loss, negative fans, tourney hopes and more"" by Jeff Ermann",other,,decade,personal rule,coach_name_search,"""Gary Williams"" Maryland basketball ""call out"" fans media criticism",https://247sports.com/college/maryland/LongFormArticle/Mayland-basketball-Terps-Gary-Williams-Penn-State-Loss-Big-Ten-NCAA-Tournament-162067011/,Article by Jeff Ermann reports Williams' appearance on Kevin Sheehan Show; exact date unknown (Big Ten era post-2014); [a media member] is an editorial interpolation in the published article; source is contemporaneous article reporting live radio interview
48,C. Vivian Stringer,"college head coach, women's (Rutgers 1995-2022; previously Cheyney, Iowa; Hall of Fame)","But, if I were given the choice -- do you wish to speak to the world and really have an effect or a change and make people feel better, or to win a national championship, if I have to choose between the two -- I would take what happened this year because far more people paid attention and far more people were really and truly affected than a basketball game could ever have been.","In the past, Stringer has said she hoped the furor Imus' words caused would be a catalyst for change. She reiterated the sentiment in her interview with ESPN. ""Let me tell you how serious this is ... God knows that I would love to win the national championship, and I have been in pursuit of this all of my life,"" Stringer said. ""But, if I were given the choice -- do you wish to speak to the world and really have an effect or a change and make people feel better, or to win a national championship, if I have to choose between the two -- I would take what happened this year because far more people paid attention and far more people were really and truly affected than a basketball game could ever have been.""","ESPN interview article, 'Stringer continues to hope Imus' words affect change' (Nov. 2, 2007)",article,2007-11-02,day,reflection,coach_name_search,"""C. Vivian Stringer"" basketball media OR press [c7 census fixed query; dead ESPN URL recovered via Wayback Machine snapshot 2008-07-01 by the directing session]",http://web.archive.org/web/20080701204839/http://sports.espn.go.com:80/ncw/news/story?id=3091087,"RECOVERED LEAD (protocol note): surfaced by the c7 agent's fixed query; both live ESPN URLs 404; quote verified verbatim on the Wayback snapshot fetched by the directing session 2026-07-03. BORDERLINE per the political/social exclusion: the public speech she values arose from the Imus controversy (social subject), but the quote itself is a tradeoff judgment between public impact and basketball achievement — near the P22/P30 drop line, offered for Ken's ruling. Companion context sentence: 'Let me tell you how serious this is ... God knows that I would love to win the national championship...' Byron Scott companion lead from the same slice CLOSED: archived page carries only the AP paraphrase of his fine expectation, no direct quote (verbatim-or-nothing)."
49,John Thompson,Head coach Georgetown University (1972–1999),"Everybody has a public life, a private life and a secret life. I'm no different.","Coach Thompson told his co-author many times during the process, ""Everybody has a public life, a private life and a secret life. I'm no different."" What he was saying was, ""Yeah, I'm not giving y'all everything in this book. I'm saving some for myself."" And he wrote that in the book.",I Came As A Shadow (autobiography; Henry Holt 2020),book,2020,year,personal rule,coach_name_search,"follow-up from ""John Thompson"" Georgetown basketball book excerpt (media OR press)",https://www.espn.com/mens-college-basketball/story/_/id/30531320/new-john-thompson-autobiography-captures-complexity-pain-life-career,From memoir I Came As A Shadow (2020) cited in ESPN article (2020) reviewing the book. Thompson reportedly told his co-author this many times and wrote it in the memoir. Identity confirmed: John Thompson Jr. (Georgetown coach d. 2020).
50,Dan Issel,Denver Nuggets head coach (1992-95; first season at publication); Hall of Fame player; out-of-roster NBA coach (tenure predates the 2006-2025 frame),It's probably helped me say an awful lot without much content. I think that's what my television background has enabled me to do.,"His stint as a television analyst employed by the Nuggets has been of considerable value in his media relations. ""It's probably helped me say an awful lot without much content,"" Issel said. ""I think that's what my television background has enabled me to do.""","Rocky Mountain News, season-end feature interview (Dave Krieger)",newspaper_article,1993-04-20,day,reflection,topic_search_database,"AWN slot 13: basketball coach ""media relations"" advice (alltext), page 3 rank 18",https://infoweb.newsbank.com/apps/news/document-view?p=AWNB&docref=news/0EB4DC604CB40752,"Attribution interjection removed at quote join. Same source (see companion row) also contains his not-reading-coverage practice ('taken Bernie's advice and tried not to read all the stuff') and the NARRATED midseason press-table move so his timeout tirades could not be quoted (quote-control, no direct quote) — extension options for Ken. The Rupp autograph-advice relay creates NO Rupp item (R3 + rule B; fame, not speech). Archive awnf_s13p3_r18_issel."
51,Steve Kerr,NBA head coach (Golden State Warriors),"It's 2019. George Orwell was right, he just had the year wrong. He wrote '1984,' the title should have been 2012 or so. Modern life. Everything's recorded, everything is filmed. ... It's a different world. So you got to figure out how to survive and thrive in the modern way of life. One way of doing it is not really concerning yourself with stuff that doesn't matter.","When asked how Green's state of mind was, Kerr also noted that matter was ""private."" ""It's 2019. George Orwell was right, he just had the year wrong. He wrote '1984,' the title should have been 2012 or so. Modern life. Everything's recorded, everything is filmed. I decided I'm going to get a giant laminated board with all my playcalls and I'm going to turn into an NFL coach from here on out. ... It's a different world. So you got to figure out how to survive and thrive in the modern way of life. One way of doing it is not really concerning yourself with stuff that doesn't matter."" Kerr did acknowledge that the Warriors are disappointed with their inconsistency.",ESPN,article,2019-03-11,day,personal rule,coach_name_search,reporters_or_sportswriters,http://www.espn.com/nba/story/_/id/26231486,"Same presser as preceding row, generalized beyond the specific clip incident; judgment call on whether this rises above a colorful aside to a genuine personal rule/approach."
52,David Blatt,NBA head coach Cleveland Cavaliers 2014-2016; coaching Olympiakos at time of interview,"I'm a public figure, people know me and see me and recognise me and obviously could tell something was not normal with me. I felt it was important that I was honest and forthright about what my situation was.","After announcing his Primary Progressive Multiple Sclerosis diagnosis in a letter on the Olympiacos website, Blatt spoke exclusively to Euronews. He said his reasons for telling the world were twofold: 'I'm a public figure, people know me and see me and recognise me and obviously could tell something was not normal with me. I felt it was important that I was honest and forthright about what my situation was.' He also stated: 'I had a hope that perhaps in some way I could offer support or motivation or inspiration to other people that are suffering from my kind of illness.'","Euronews exclusive interview with journalist Ioannis Giagkinis, published 29 August 2019",article,2019-08-29,day,reflection,coach_name_search,q11: David Blatt basketball tweeted OR posted media,https://www.euronews.com/2019/08/29/pro-basketball-coach-david-blatt-talks-exclusively-to-euronews-about-his-ms-diagnosis,Blatt was coaching Olympiakos at time of interview; Cleveland Cavaliers role 2014-16 is basis for census inclusion; second quote (I had a hope that perhaps in some way I could offer support or motivation or inspiration to other people that are suffering from my kind of illness) also from same passage and recorded in passage_context; interview format is text-based Q&A with companion video on YouTube
53,Darko Rajakovic,Head Coach – Toronto Raptors (NBA),I'm going to always stand up for my team and for my players and for my organization.,"The NBA fined Rajakovic $25,000 for his postgame press conference rant following the Raptors' 132-131 loss to the Los Angeles Lakers on Jan. 9, 2024. Before the Raptors' next game (vs. Clippers), Rajakovic said the loss the night before was behind the team. 'I'm going to always stand up for my team and for my players and for my organization,' he added.",Pregame media availability – Toronto Raptors vs. Los Angeles Clippers (day after the Lakers game and fine announcement),presser_transcript,2024-01-10,day,personal rule,coach_name_search,"Darko Rajakovic"" basketball ""fined"" OR ""fine"" press conference officiating (follow-up lead from '""Darko Rajakovic"" basketball ""press conference""' p1 which surfaced fine articles)",https://www.espn.com/nba/story/_/id/39287880/nba-fines-raptors-darko-rajakovic-25k-criticizing-refs,Quote confirmed verbatim in both ESPN and Yahoo Sports contemporaneous articles. Fine was for postgame press conference criticism of officiating after LAL-TOR 132-131 game January 9 2024. Both diacritical spellings Rajakovic/Rajaković searched; same person confirmed via Wikipedia.
54,David Torbert,"Contributor, BreakthroughBasketball.com coaching-advice site (no bio available; coaching background unverified)",Even worse than putting your foot in your mouth is avoiding the media altogether.,"We've all see the epic rants by coaches after a tough loss, so don't be that coach that ends up on the highlight reel. Even worse than putting your foot in your mouth is avoiding the media altogether. These sports writers are working under deadline, so keeping them waiting only serves to weaken your program's image. If a sports writer comes to despise you for ducking out the back door, it does nothing but creates a negative image of you as a coach.",BreakthroughBasketball.com,article,2015,year,advice,topic_search_open_web,"slot 4: how basketball coaches should handle the media (initial search, page 1)",https://www.breakthroughbasketball.com/coaching/using-local-media-to-promote-players-program.html,"Borderline on two points: (1) speaker's own coaching background could not be verified (no author bio found), so the adviser-rule fit is by analogy to a coaching-resource advice column rather than one of the four explicitly enumerated adviser categories; (2) date is inferred from a reader comment rather than an explicit byline date."
55,Jack Ramsay,"NBA head coach (Buffalo Braves, Portland Trail Blazers, Indiana Pacers, San Antonio Spurs); Naismith Hall of Fame 1992","I never criticize a player in print. It is my job to do that in private, or on occasion before the whole team.","I never criticize a player in print. It is my job to do that in private, or on occasion before the whole team. Doing it for the press simply undermines trust, and violates…","The Coach's Art (Jack Ramsay, 1978)",book,1978,year,personal rule,coach_name_search,"openlibrary.org/search/inside ""Jack Ramsay"" (query 12, archive.org channel); lead recovery",https://openlibrary.org/search/inside?q=%22It%20is%20my%20job%20to%20do%20that%20in%20private%22,"RECOVERY PROVENANCE: originating slice c22 (Jack Ramsay). Original unresolved lead in census_c22_log.md: ""https://archive.org/details/coachsart0000rams — The Coach's Art (1978) full text is accessible only via authenticated borrowing... Known passage about never criticizing a player in print not surfaced via openlibrary.org search/inside snippets despite multiple targeted queries."" No HTTP status applicable — original agent's blocker was incomplete full-text access, not a 403/404/timeout. Recovery method: openlibrary.org/search/inside full-text search (protocol's archive.org channel), using a chained sequence of more targeted exact-phrase queries than the original agent tried (""never criticize a player in print"" -> ""It is my job to do that in private"" -> ""or on occasion before the whole"" -> ""Doing it for the press""), which surfaced overlapping snippet windows that together reconstruct this passage. expected_borderline=TRUE because: (1) OpenLibrary search-inside snippets are bounded/truncated windows — the passage_context's trailing ""…"" is OpenLibrary's own truncation marker, not part of Ramsay's original punctuation, and full paragraph context beyond what is quoted here could not be independently confirmed; (2) source is a scanned/lending-library search-inside view, not a stable rendered webpage. Recommend human reviewer cross-check against a physical or library-borrowed copy of The Coach's Art (1978) for fuller paragraph context."
56,Jeff Van Gundy,NBA head coach (New York Knicks 1995–2001; Houston Rockets 2003–2007); ESPN NBA analyst at time of interview,"If you have a great, great player who's taking unjust criticism, you have to try to quell that.","If you have a great, great player who's taking unjust criticism, you have to try to quell that. As much as I owed him [Ewing] for my success or whatever success I've had…like truly, he paid my mortgage. He's still paying it. The guy is a phenomenal figure in my life.",SiriusXM NBA Radio interview with Frank Isola and Brian Scalabrine; reported in Awful Announcing,other,2024-06-21,day,personal rule,coach_name_search,"""Jeff Van Gundy"" basketball reporters OR sportswriters",https://awfulannouncing.com/nba/jeff-van-gundy-enjoyed-dealing-combative-media-new-york.html,Van Gundy explicitly grounding rule in his Knicks coaching experience; the action of quelling unjust public criticism is inherently a public communication act
57,Jeff Van Gundy,NBA head coach (New York Knicks 1995–2001; Houston Rockets 2003–2007); ESPN NBA analyst at time of interview,"You have a couple of stock lines. Mine were, 'We have more than enough to win with' and 'I did what I thought was in the best interest of the team.'","It was a little bit more contentious back then. Players were attacked, coaches were attacked, everybody was under attack, now it's just coaches really…The daily interaction was – I found – was much more combative and actually, somewhat more enjoyable too. I actually enjoyed the back and forth. To me, you either take it or you stand up for yourself. And you can't do it in a defensive manner, but I think you have to try to stand up for yourself and tell your thought process of why you did what you did. You have a couple of stock lines. Mine were, 'We have more than enough to win with' and 'I did what I thought was in the best interest of the team.'",SiriusXM NBA Radio interview with Frank Isola and Brian Scalabrine; reported in Awful Announcing,other,2024-06-21,day,personal rule,coach_name_search,"""Jeff Van Gundy"" basketball reporters OR sportswriters",https://awfulannouncing.com/nba/jeff-van-gundy-enjoyed-dealing-combative-media-new-york.html,Continuous passage with previous record; these stock lines are coaching-era media tactics Van Gundy developed during his Knicks tenure
58,Dean Smith,NCAA basketball head coach University of North Carolina 1961-1997; Naismith Hall of Fame inductee 1983,"I've never understood that. If I told you, 'I don't like doing this with you and I wish I hadn't asked you in here,' and hurt your feelings, would that be better than being polite and saying, 'Nice to see you'? I say what I believe; just not _everything_ I believe.","Writer suggests Smith maintains excessive image control and lacks spontaneity. Smith responds: ""I've never understood that. If I told you, 'I don't like doing this with you and I wish I hadn't asked you in here,' and hurt your feelings, would that be better than being polite and saying, 'Nice to see you'? I say what I believe; just not _everything_ I believe.""","The Relentless Scrimmage of Dean Smith"" by Gary Smith, Inside Sports magazine, March 1982; reprinted at The Stacks Reader",article,1982-03,month,personal rule,coach_name_search,"Dean Smith basketball media OR press (ALWAYS-20 second-page variant; also surfaced by ""Dean Smith"" basketball ""press conference"" lead)",http://www.thestacksreader.com/the-relentless-scrimmage-of-dean-smith/,Underscore italics around 'everything' appear in the source as reproduced on The Stacks Reader; the broader interview context is about Smith's image control and communication style during a 1982 magazine profile; the interviewer Gary Smith (Sports Illustrated) challenged Smith about appearing inauthentic; borderline because the rule is stated about general social communication rather than basketball press conferences specifically; no lower-bound date issue (1982 is pre-cutoff)
59,Tanisha Wright,WNBA head coach (Atlanta Dream 2022-2024),I've never sat up here and blamed officials and I won't blame the officials.,"""Officiating has been notoriously bad all year,"" Wright added. ""I've never sat up here and blamed officials and I won't blame the officials. But we're expected to play at a high level every single night. These athletes — on both sides — put in a lot of work to perfect their craft and the officials need to rise to that same occasion.""","Postgame press conference (Dream at Liberty), quoted in Yahoo Sports article",article,2023-06-23,day,personal rule,coach_name_search,"""Tanisha Wright"" ""call out""",https://sports.yahoo.com/dream-head-coach-tanisha-wright-calls-out-notoriously-bad-wnba-refs-they-are-going-to-fine-me-for-this-171957555.html,Article published 2023-06-24 (byline Tyler Greenawalt); remarks made at postgame press conference Friday 2023-06-23 after loss to New York Liberty. Same presser and article as the companion Wright row.
60,Eric Musselman,Head basketball coach: Golden State Warriors 2002-04; Sacramento Kings 2006-07; Nevada 2015-19; Arkansas 2019-24; USC 2024-,"I probably would have gotten off to a better start now that I'm thinking about it for the first time ever in my life. I'm thinking about what if I would have gone out there and said, Hey, I got tears in my eyes because I was thinking about my dad.","Those guys, they're friends, but it wasn't that way at the start. You know what I mean? When I think about that first press conference, I didn't know any of those guys. I probably would have gotten off to a better start now that I'm thinking about it for the first time ever in my life. I'm thinking about what if I would have gone out there and said, Hey, I got tears in my eyes because I was thinking about my dad. It probably would have changed the narrative and showed a personal side that probably would have been helpful. I wish I would have met you.",Le Batard & Friends South Beach Sessions podcast episode featuring Eric Musselman; Dan Le Batard Show with Stugotz,podcast,2024-12,month,reflection,coach_name_search,Eric Musselman basketball podcast (media OR press),https://podcasts.happyscribe.com/the-dan-le-batard-show-with-stugotz/south-beach-sessions-eric-musselman,Separate passage from the Bay Area vulnerability row; this is the retrospective evaluation of his press conference decision made later in the same podcast episode
61,Stephanie White,"WNBA head coach (Indiana Fever 2025-present; previously Connecticut Sun 2023-2024, Fever 2015-2016)","I mean, I think that she made a lot of valid points.","Indiana Fever coach Stephanie White has been critical of referees this season, which has cost her at least one fine. However, that didn't keep her from supporting Reeve when speaking with the media before her team's Game 4 win against the Las Vegas Aces on Sunday. ""I mean, I think that she made a lot of valid points,"" White said when asked about Reese's outburst, per a video from the Fever's YouTube account. ""A lot of the same kind of conversations are happening. You know, it's happening from every team, from every franchise, from every coach, from every player. ""I think at some point, there has to be some accountability,"" she added. White has been calling for accountability from officials all season long.","Pregame media availability, 2025 WNBA semifinals Game 4, quoted in SI (Fever On SI) article",article,2025-09-28,day,reflection,coach_name_search,"""Stephanie White"" Fever eliminated officiating comments ""bite my tongue"" OR ""fined"" September 2025",https://www.si.com/wnba/fever/news/fever-s-stephanie-white-sides-with-cheryl-reeve-over-viral-wnba-referee-outrage-01k6az4ffmgx,"Said to media before Fever-Aces Game 4 on Sunday 2025-09-28; article published 2025-09-29. SI prints follow-up quotes in the same availability: 'A lot of the same kind of conversations are happening...' and 'I think at some point, there has to be some accountability.' White was fined $1,000 for these supportive comments. Producing query was an off-template targeted search (logged). Fetch model extracted 'Reese's outburst'; given article title and subject this word is almost certainly 'Reeve's' — recorded as 'Reeve's'; recommend manual check. CORRECTION at build (2026-07-03): live page prints 'Reese's outburst' in this sentence while the article headline/summary attribute the outburst to Reeve — source's own inconsistency preserved as printed."
62,Tanisha Wright,WNBA head coach (Atlanta Dream 2022-2024),"And they're going to fine me for this, but I'm challenging [the officials] to rise their standards.","""She got elbowed in the mouth. Blood was gushing out,"" Wright said about the foul on Amihere. ""And for them to only assess a flagrant one is absolutely ridiculous. ... I don't understand how that wasn't a flagrant two. I really don't. I don't understand it. And they're going to fine me for this, but I'm challenging [the officials] to rise their standards.""","Postgame press conference (Dream at Liberty), quoted in Yahoo Sports article",article,2023-06-23,day,reflection,coach_name_search,"""Tanisha Wright"" ""call out""",https://sports.yahoo.com/dream-head-coach-tanisha-wright-calls-out-notoriously-bad-wnba-refs-they-are-going-to-fine-me-for-this-171957555.html,"Bracketed '[the officials]' is the source's editorial insertion. Borderline because the meta preface (expecting a fine for saying this) is attached to the criticism itself. Same presser and article as the other Wright row. Brackets around [the officials] appear in the source as printed, indicating editorial insertion."
63,John Chaney,Head coach Temple University (1982–2006),"I apologize to coach John Calipari, the students, fans and supporters of both Temple University and the University of Massachusetts, all young persons and all others who witnessed all or part of this incident. I let you down.","Temple basketball coach John Chaney issued a public apology on Wednesday, February 16, 1994, following his threat against UMass coach John Calipari after Temple's 56-55 loss on Sunday. In a tear-choked apology, Chaney said no one is angrier than his wife and daughter. Chaney stated: ""I apologize to coach John Calipari, the students, fans and supporters of both Temple University and the University of Massachusetts, all young persons and all others who witnessed all or part of this incident. I let you down."" He added that he ""fully accept[ed] the actions that the university has taken"" regarding his one-game suspension, which he characterized as ""well deserved."" The coach expressed hope to move past the incident, stating: ""I want to reaffirm that I have the greatest respect for Coach Calipari and the University of Massachusetts basketball team.""",Deseret News,article,1994-02-17,day,reflection,coach_name_search,"follow-up from ""John Chaney"" basketball ""press conference"" — searched: ""John Chaney"" basketball apology 1994 press Calipari",https://www.deseret.com/1994/2/17/19092478/chaney-apologizes-for-threatening-calipari/,Apology delivered 1994-02-16 for threats at Calipari's postgame press conference 1994-02-13. One-game suspension accepted as well deserved. Calipari accepted apology. Surrounding passage_context drawn from WebFetch rendering of the Deseret News article; some framing text may be AI-processed rather than strictly verbatim. Identity confirmed: John Chaney (Temple coach born 1932 d. 2021) not namesakes.
64,Jim Boeheim,Head coach Syracuse University 1976-2023; Hall of Fame 2005,A little humor will keep the jackals at bay.,"In the hushed locker room, I'm immediately due for the postgame press conference. I make a decision: It's time for diplomacy. Diplomacy with a little Big East seasoning, anyway. The first thing I do in the postgame press conference is describe the game as 'extremely well officiated,' which breaks up everyone. 'Don't laugh,' I say. 'I do make jokes, but that's not a joke.' A little humor will keep the jackals at bay. The cha-cha-cha with the media goes on. My reputation for being a smartass has been firmly established, and something inside me wants to let that out.",Bleeding Orange (Boeheim/McCallum 2014) — SI excerpt,book,2014-12-05,day,personal rule,coach_name_search,"""Jim Boeheim"" basketball book excerpt (media OR press)",https://www.si.com/college/2014/12/05/bleeding-orange-jim-boeheim-book-excerpt,Quote appears in passage describing his postgame press conference strategy after being ejected in the Duke game; returned consistently on three separate WebFetch calls of the SI excerpt page; same passage documents specific execution of the strategy; cha-cha-cha may carry italics formatting in original
65,Mark Jackson,"Recently fired head coach, Golden State Warriors","I wake up absolutely relieved... Because there are no more unnamed sources that can affect me. I don't have to answer the question that others won't answer. I can speak clearly about who I am and how I can conduct myself. It is unfortunate because everything the unnamed source said -- that I was done if I did not get out of the first round, that there was friction, that there was this and that -- and there claimed to be no unnamed sources. Well, it's come out true.","""I wake up absolutely relieved,"" Jackson said on San Francisco radio 95.7 The Game, the day after his firing became official. ""Because there are no more unnamed sources that can affect me. I don't have to answer the question that others won't answer. I can speak clearly about who I am and how I can conduct myself. It is unfortunate because everything the unnamed source said -- that I was done if I did not get out of the first round, that there was friction, that there was this and that -- and there claimed to be no unnamed sources. Well, it's come out true.""",ESPN.com (Scoop Jackson),article,2014-05-08,day,reflection,coach_name_search,tweeted OR posted media,https://www.espn.com/nba/story/_/id/10901923/scoop-jackson-loss-belief-led-mark-jackson-firing-golden-state-warriors-coach,Originally spoken on 95.7 The Game radio; reproduced verbatim in ESPN article the next day.
66,Steve Kerr,NBA head coach (Golden State Warriors),"No, the lip-readers were wrong. What I said was I beg to differ with Draymond's approach tonight. Those were my exact words. I don't know how somebody misconstrued that.","After Tuesday's practice, Kerr tried to diffuse the situation. ""No, the lip-readers were wrong. What I said was I beg to differ with Draymond's approach tonight. Those were my exact words. I don't know how somebody misconstrued that."" Kerr would not reveal if he had discussed the clip with Green, saying that the matter was ""private.""",ESPN,article,2019-03-11,day,reflection,coach_name_search,reporters_or_sportswriters,http://www.espn.com/nba/story/_/id/26231486,Clean match to the clarification/walk-back IN category; not one of the four previously-dropped Kerr items.
67,Jeff Van Gundy,NBA head coach (New York Knicks 1995–2001; Houston Rockets 2003–2007); ESPN NBA analyst at time of interview,"I actually enjoyed the back and forth. To me, you either take it or you stand up for yourself. And you can't do it in a defensive manner, but I think you have to try to stand up for yourself and tell your thought process of why you did what you did.","It was a little bit more contentious back then. Players were attacked, coaches were attacked, everybody was under attack, now it's just coaches really…The daily interaction was – I found – was much more combative and actually, somewhat more enjoyable too. I actually enjoyed the back and forth. To me, you either take it or you stand up for yourself. And you can't do it in a defensive manner, but I think you have to try to stand up for yourself and tell your thought process of why you did what you did. You have a couple of stock lines. Mine were, 'We have more than enough to win with' and 'I did what I thought was in the best interest of the team.'",SiriusXM NBA Radio interview with Frank Isola and Brian Scalabrine; reported in Awful Announcing,other,2024-06-21,day,personal rule,coach_name_search,"""Jeff Van Gundy"" basketball reporters OR sportswriters",https://awfulannouncing.com/nba/jeff-van-gundy-enjoyed-dealing-combative-media-new-york.html,Van Gundy is a former NBA head coach reflecting on coaching-era media interactions in New York; interview conducted June 2024 while serving as Boston Celtics senior consultant
68,Dean Smith,college head coach (North Carolina 1961-1997),I will never embarrass a young man publicly.,"[...] player, but I applaud[...] I will never embarrass a young man publicly. THE THREE-POINTER October 1993: You [...]","The World According to Dean: Four Decades of Basketball as Seen by Dean Smith (Barry Jacobs, Total Sports, 1998)",book,1998,year,personal rule,coach_name_search,"openlibrary.org full-text search: ""embarrass a player publicly""",https://openlibrary.org/search/inside?q=%22embarrass%20a%20young%20man%20publicly%22,"Printed context: ""...(mad at) the player, but I applaud... I will never embarrass a young man publicly."" (ellipsis is the book's own); also printed with attribution ""- Dean Smith"" in 1001 Motivational Messages and Quotes for Athletes and Coaches, visible on fetched page for q=""embarrass a player publicly""; OL snippet OCR renders capital I as a pipe character, normalized here; date of original utterance not shown - dated by anthology publication; caveat: curated quote anthology by UNC beat writer Barry Jacobs. Quote found in two books: (1) The World According to Dean by Barry Jacobs (1998) p.134; (2) 1001 Motivational Messages and Quotes for Athletes and Coaches by Bruce Brown (2001) p.206. Snippet OCR: vertical-bar (|) in raw snippet represents I throughout. Ellipses represent text omitted within snippet window. Section header THE THREE-POINTER and date October 1993 appear immediately after quote in Jacobs snippet."
69,Jim Calhoun,Head coach University of Connecticut 1986-2012; Hall of Fame 2005,"I will do everything I can to keep this from happening again in the future and, most importantly, will work to avoid putting my team, my university, the officials and the Big East in this unfortunate position again with ill-advised comments.","UConn coach Jim Calhoun was publicly reprimanded by the Big East after he called referee Wally Rutecki 'a bad official' and 'incompetent' during postgame media discussions following UConn's 69-60 win over Northeastern on Wednesday. Calhoun accepted the reprimand in a written statement Friday: 'I will do everything I can to keep this from happening again in the future and, most importantly, will work to avoid putting my team, my university, the officials and the Big East in this unfortunate position again with ill-advised comments.'",ESPN wire — Big East reprimand of Calhoun (December 2007),article,2007-12-07,day,personal rule,coach_name_search,"""Jim Calhoun"" basketball ""call out""",http://www.espn.com/espn/wire?id=3145818&section=ncb,Statement issued in response to mandatory Big East reprimand; conference policy prohibits public criticism of officiating; Calhoun had called Rutecki 'a bad official' and 'incompetent' in postgame media discussions after UConn's December 5 2007 win over Northeastern; also received two technical fouls and was ejected during the game; apology may be partly institutional rather than fully voluntary; passage_context assembled from two WebFetch calls of the ESPN wire page
70,Norm Stewart,"Retired University of Missouri men's head basketball coach (1967-99, 634 wins), speaking at his statue unveiling; out-of-roster classic college coach (not a Naismith coach-category enshrinee)","Because, you guys, it's not the first question you ask that's tough. It's the second and third one. So, what we try to do is bull(bleep) you until you forget the second and third one.","Lastly, as he talked to a room full of reporters, most too young to remember his peak years at Mizzou, Stewart shared some sage advice for dealing with the media, passed along from Devine, his former athletics director and MU's football coach in the 1960s. Said Stewart: ""Dan told me, 'If a guy asks you a question, just take your time and stroll it out a little bit. They don't have all day. Just give him a hell of a long answer because then maybe you don't have to answer the second question. Because, you guys, it's not the first question you ask that's tough. It's the second and third one. So, what we try to do is bull(bleep) you until you forget the second and third one.""","The Maryville Daily Forum (Dave Matter, St. Louis Post-Dispatch syndication), statue-unveiling press scrum",newspaper_article,2017-11-10,day,personal rule,topic_search_database,"AWN slot 2: basketball coach ""dealing with the media"" advice (alltext), page 2 rank 16",https://infoweb.newsbank.com/apps/news/document-view?p=AWNB&docref=news/16821BF42513FD38,VOICE-TRANSITION AMBIGUITY FLAGGED: the paragraph opens as a relay of Dan Devine's 1960s advice; the recorded quote span is read as Stewart's OWN voice because 'you guys' addresses the 2017 room and 'what we try to do' states his own practice — the span boundary is a judgment call. The Devine relay portion creates NO Devine item (R3 origin coach + rule B + ruling-1: football). Profanity dashed as printed ('bull(bleep)'). Syndicated Post-Dispatch story; fetched edition cited. Archive awnf_s2p2_r16_stewart.
71,Taylor Jenkins,"Head Coach, Memphis Grizzlies","I've never seen a more inconsistent, arrogant, officiated game. So, I'll take whatever hit is coming my way. I've got to protect our guys.","After the Grizzlies' 119-118 Game 4 playoff loss to the Minnesota Timberwolves, Jenkins told reporters: ""We gotta play better, but in my opinion one of the most poorly officiated games I've ever seen in my NBA career."" He detailed the disparity (""All five of our starters were borderline fouled out in the first quarter... 10+ foul difference, 40 free throws""), then added: ""I'm always going to look in the mirror and say: How do we play better, how do we coach better? But, I'm at a loss for words... I've never seen a more inconsistent, arrogant, officiated game. So, I'll take whatever hit is coming my way. I've got to protect our guys.""",Postgame media availability (news coverage),article,2022-04-23,day,reflection,coach_name_search,"""Taylor Jenkins"" basketball publicly",https://bealestreetbears.com/2022/04/24/memphis-grizzlies-jenkins-referee-game-4/,"Substance (officiating complaint + fine-awareness) is corroborated across 4 independent outlets (CBS Minnesota, Fadeaway World headline, basketballnews.com, bealestreetbears.com), but exact wording of the final sentence varies slightly source to source (""I'll take whatever hit is coming my way"" vs. ""hits are coming my way"" vs. ""hit's coming my way""), consistent with ordinary journalistic transcription variance rather than fabrication. No ASAP Sports or official transcript was located for this presser despite checking; quote_fidelity reflects exact wording as printed on the chosen source_url page."
72,Phil Jackson,"NY Knicks President of Basketball Operations (front-office executive) at time of tweet; formerly NBA head coach (Bulls, Lakers)","So after starting a 🔥storm with a misunderstood tweet, I offer this ✌️ our society is torn with discord. I'm against it. Let It Be","The New York Knicks president of basketball operations hadn't tweeted for more than a month until a post Tuesday referencing a Bleacher Report column that was critical of [Carmelo] Anthony... it did not take a massive leap for people to see this as another example of Jackson passive-aggressively needling the star forward. Jackson's peace offering tweet on Thursday read: ""So after starting a 🔥storm with a misunderstood tweet, I offer this ✌️ our society is torn with discord. I'm against it. Let It Be"" Jackson did not elaborate on how his Tuesday tweet was misinterpreted or what he was actually trying to say.","Twitter (@PhilJackson11), reported by CBS Sports and Larry Brown Sports",social_via_page,2017-02-09,day,reflection,coach_name_search,"""Phil Jackson"" basketball tweeted OR posted media",https://www.cbssports.com/nba/news/phil-jackson-takes-to-twitter-again-says-his-carmelo-tweet-was-misunderstood/,"At the time of this tweet Jackson held the Knicks front-office title of President of Basketball Operations, not an active head-coaching role -- flagging for reviewer since the census frames him via his coaching career. Emoji rendering (fire/peace-sign) varies slightly in character encoding across the two corroborating sources; the core text is identical across both."
73,Pat Summitt,"Head coach, Tennessee Lady Vols women's basketball (writing in retirement, memoir)","I tried to be correct and decorous in public; Geno was a smart-ass who would take negative attention over no attention at all. You could put a microphone on me for an hour and never hear anything worse than ""dadgummit""; he was notoriously foulmouthed.","There was tremendous personal contrast as well. I tried to be correct and decorous in public; Geno was a smart-ass who would take negative attention over no attention at all. You could put a microphone on me for an hour and never hear anything worse than ""dadgummit""; he was notoriously foulmouthed. I was intensely competitive but left it on the court; he was combative and carried grudges off the court.","Sum It Up: 1,098 Victories, a Couple of Irrelevant Losses, and a Life in Perspective (Pat Summitt with Sally Jenkins)",book,2013,year,personal rule,coach_name_search,"""Pat Summitt"" basketball media OR press",https://sports.yahoo.com/articles/pat-summitts-old-comments-geno-142305339.html,"Corroborated verbatim by independent second source (yardbarker.com). Distinct from the known-trap Sum It Up line ""You are just the voice of the team calling out that player,"" which is an AURIEMMA quote about team-internal talk and was correctly excluded, not confused with this item."
74,Stan Van Gundy,NBA head coach (Heat 2003-2005; Magic 2007-2012; Pistons 2014-2018; Pelicans 2020-2021),"You knew the question was coming, so I had time to prepare for it. It's not like it came out of the blue [and] I just [answered] off the top of my head ... I gave some thought to whether I was going to answer this honestly, or no comment or just lie.","'I just wanted the hell out of there.' Van Gundy did depart quickly upon Howard's arrival, leaving his center to deny claims that his coach had just publicly confirmed. Howard's hesitance to open up and tell the truth, following months of trade requests and rumors, clearly cost him in the public eye. 'It was already a big deal before he put his arm around me. You knew the question was coming, so I had time to prepare for it. It's not like it came out of the blue [and] I just [answered] off the top of my head ... I gave some thought to whether I was going to answer this honestly, or no comment or just lie.'","Grantland Network podcast (Dan Le Batard with Stan and Jeff Van Gundy), as quoted by CBSSports.com",podcast,2012-09-10,day,reflection,coach_name_search,"""Stan Van Gundy"" ""press conference""",https://www.cbssports.com/nba/news/stan-van-gundy-explains-infamous-press-conference-with-dwight-howard/,"Ellipsis and square-bracket insertions are as printed in the CBS article. The page attributes the passage to 'Van Gundy concluded', preceded by: 'It was already a big deal before he put his arm around me.' Same podcast appearance as the 'calculated' quote."
75,Red Auerbach,"Head coach, Boston Celtics","Since I've been in Boston, I've taken the attitude that since they are looking for an angle, I'll give them an honest one or none at all. You can't get into too much trouble if you tell them the truth. It would be much worse if you lied.","""You can't say nothing,"" Red explained later. ""There are eight papers in town, and with no pro football, they cover basketball and hockey all winter. That means the Bruins and the Celtics. Somebody is always watching, looking for an angle, because they have to produce copy every day. We've had games where 12 local reporters were covering. Since I've been in Boston, I've taken the attitude that since they are looking for an angle, I'll give them an honest one or none at all. You can't get into too much trouble if you tell them the truth. It would be much worse if you lied.""",SPORT Magazine,article,1956-02,month,personal rule,coach_name_search,"Follow-up partial-quote search ""Press hospitality was never high on Red Auerbach's"" (run without ""basketball""), itself triggered by Q12 archive.org/openlibrary search for ""Red Auerbach"" press",https://from-way-downtown.com/2021/10/31/%EF%BF%BCred-auerbach-hothead-on-the-boston-bench-1956/,"Contemporaneous 1956 magazine profile by a named journalist; verified via a blog's reproduction of the original article, not an original-scan copy -- the original SPORT Magazine page itself was not independently located within the fixed-query framework."
76,Sam Vincent,"Former NBA head coach (Charlotte Bobcats, 2007-08)",didn't do the best job expressing myself,"""There is going to be a very fortunate man coaching the Bobcats soon. I love what Michael is doing and the patience he is showing in building what I think will be a winner. I will always appreciate the experience I gained while working with the Bobcats organization and the insights MJ shared with me during my season as head coach. He was always there when I had a question or concern."" Vincent told Sam that he ""didn't do the best job expressing myself,"" which is a little odd, because I thought he was spot-on in his take on Jordan and the Bobcats.","Yahoo Sports ""Ball Don't Lie"" (Kelly Dwyer), reporting Vincent's interview with Bulls.com's Sam Smith",article,2012-04-18,day,reflection,coach_name_search,"Query 7 (""[full name]"" basketball postgame OR ""post game"") surfaced celticslife.com retrospective referencing Vincent's retraction of Jordan comments. NOTE: pinpointing this exact secondary source (Yahoo Sports URL) required one non-fixed/improvised web search rather than a fixed query or pure hyperlink-follow -- a protocol deviation disclosed in full in the log's Judgment Calls / Process Deviations section.",https://sports.yahoo.com/sam-vincent-backtracks-somewhat-comments-michael-jordan-ethic-160720239.html,"Original Washington Post remarks not independently located/verified by this agent -- only the walk-back (given to Bulls.com's Sam Smith, reported here by Yahoo Sports) was verified verbatim. Original Bulls.com page (http://www.nba.com/bulls/news/smith_120416.html) times out on repeated fetch attempts -- logged as a separate unresolved lead for Wayback recovery. PROCESS DEVIATION: locating this Yahoo Sports URL required one improvised/non-fixed search (""Sam Vincent retracts Michael Jordan comments Sporting News April 2012""), disclosed per protocol's hard rule on improvised supplemental queries -- flagging for reviewer judgment on whether to retain this row. The underlying lead (that a Jordan-comments retraction existed) was legitimately surfaced via fixed query 7."
77,George Karl,"NBA head coach (Cavaliers, Warriors, SuperSonics, Bucks, Nuggets, Kings; 1984-2016)","I was calm when I met the media after the game. I gave his ego a little break by taking some of the blame. 'I understand Kenyon's gone through a tough year,' I said. 'I know he's frustrated at the coaching, his knee, his playing time. I'm part of this failure, part of this relationship.'","We suspended Kenyon for the next two games, saying we couldn't tolerate such disrespect to the coach and to the team. But I was calm when I met the media after the game. I gave his ego a little break by taking some of the blame. 'I understand Kenyon's gone through a tough year,' I said. 'I know he's frustrated at the coaching, his knee, his playing time. I'm part of this failure, part of this relationship. I think I can get better from this, and hopefully he feels the same way. I think Kenyon's a damn good player and he has a competitive heart I love.' Maybe I was getting better at dealing with eccentric players.","Furious George: My Forty Years Surviving NBA Divas, Clueless GMs, and Poor Shot Selection (HarperCollins, 2017)",book,2017-01-10,day,reflection,coach_name_search,"""George Karl"" book excerpt (media OR press)",https://www.si.com/nba/2017/01/10/george-karl-book-excerpt-furious-george-carmelo-anthony-jr-smith,"Authorized SI excerpt reprinted with permission of HarperCollins (copyright 2016; book released 2017-01-10). Passage independently verified verbatim via archive.org full-text search of the book scan (item furiousgeorgemyf0000karl, printed p. 272). Context: Kenyon Martin's insubordination in the 2006 playoffs."
78,John Wooden,"NCAA head coach (UCLA Bruins Men's Basketball, 1948-1975)",I always tried to use this opportunity to praise those individuals the media would overlook.,"I always tried to use this opportunity to praise those individuals the media would overlook. I would say, 'When I put so-and-so in just before the half and he made that steal, it quite possibly could have been the turning point in the game.' I wanted to let other players know they were very important to the team. The press would give plenty of attention and praise to so-called stars: Bill Walton, Kareem Abdul-Jabbar, Gail Goodrich, Walter Hazzard, Sidney Wicks, Marques Johnson, David Meyers, and others. I would be more likely to praise these particular players privately. I wanted the public acknowledgment for players to be balanced.","'Wooden on Leadership' (book, John Wooden and Steve Jamison, 2005), section 'The Value in Feeling Valued,' Part III: Coaching, Teaching, Leading; secondary report via howtocoachvolleyball.com",book,2005,year,personal rule,coach_name_search,"""John Wooden"" basketball (postgame OR ""post game"")",https://howtocoachvolleyball.com/resources/69-most-impactful-stories-quotes-from-john-wooden/,"Quote appears on howtocoachvolleyball.com (coaching resources site, not a quote aggregator per task rules). Likely sourced from 'Wooden on Leadership' (Wooden and Jamison, 2005) per section-label evidence; primary book text not independently verified during this probe. Misattribution risk noted per task guidance for Wooden quotes; attribution is contextually consistent with known Wooden practices. A reviewer may exclude on grounds that the statement is about player-recognition strategy rather than public-communication conduct per se. Page 2 NOT triggered for this coach — fixed query page 1 returned only career-record, HOF, and bio pages (Sports-Reference, Wikipedia, ESPN Classic) with no near-misses about communication conduct. PRIMARY-UNVERIFIED in Wooden on Leadership (Wooden and Jamison 2005) directly; that book is not in the Open Library search-inside index. Primary-verification query https://openlibrary.org/search/inside?q=%22praise%20those%20individuals%20the%20media%20would%20overlook%22 found phrase only in Pat Williams' The Winning Combination (2010 p.264; IA: winningcombinati0000will), which directly quotes and cites Wooden on Leadership p.121; Wooden on Leadership itself not indexed. DISCREPANCY: howtocoachvolleyball.com attributes passage to Wooden: A Lifetime of Observations and Reflections On and Off the Court (1997); Pat Williams cites Wooden on Leadership (2005); both are Wooden/Jamison collaborations. Passage text captured from secondary source."
79,Adolph Rupp,"Head Coach, University of Kentucky (NCAA men's basketball, 1930–1972)","Hell, no. But anything for a column.","After a New York writer asked him to suggest some rule changes to improve the game, Rupp outlandishly proposed reintroducing the center jump after made baskets, removing the net and backboard from the hoop and raising the baskets by five feet. Later, someone asked Rupp if he really liked those ideas. Replied Rupp: 'Hell, no. But anything for a column.'",Racist or misunderstood? The fight for Adolph Rupp's legacy (Yahoo Sports),article,undated,undated,personal rule,coach_name_search,"""Adolph Rupp"" basketball media OR press reporters",https://sports.yahoo.com/racist-or-misunderstood-the-fight-for-adolph-rupps-legacy-143240711.html,Also cited at kentsterling.com (2010 article; site returned HTTP 403 on fetch). Original source not identified in Yahoo Sports article. Quote confirmed verbatim on fetched Yahoo Sports page. Rupp TV show framing suggests 1950s–60s but cannot be pinned more precisely.
80,Nick Nurse,"NBA head coach (Raptors, 2018-2023, at time of quote)",I'm not sure I know they're going to become stories. Sometimes I'm maybe a little too forthright.,"Nurse said with a laugh on Friday that he doesn't feel grumpier this season, although there have been more bumps in the road. Has publicly censuring a player, which attracts media attention, become part of his coaching strategy? ""I'm not sure I know they're going to become stories,"" Nurse said. ""Sometimes I'm maybe a little too forthright."" ""There are lots of ways of communication, lots of ways of getting your message across. We'll explore all those options until we can hopefully help these guys. It's only for their best interest and the best interest of our team.""","Raptors media availability, via The Globe and Mail",article,2020-01-10,day,reflection,coach_name_search,"""Nick Nurse"" ""publicly"" players ""call"" out media criticism approach",https://www.theglobeandmail.com/sports/basketball/article-nick-nurses-public-criticism-spurs-his-players-to-greater-heights/,"Same interview (Rachel Brady, Globe and Mail, 2020-01-10) adds: 'There are lots of ways of communication, lots of ways of getting your message across. We'll explore all those options until we can hopefully help these guys. It's only for their best interest and the best interest of our team.' — framing public criticism as a messaging channel (type 2). Date is the article date; remarks made that week. Globe and Mail article. Quote confirmed verbatim. Preceding article question and follow-up Nurse quote captured."
81,Roy Williams,UNC head basketball coach,"... And I apologize, talking to you [media about this], but my God, these are 18-, 19-, 20-year olds. Did any of you call my call in show? Then I apologize; I should tell them that. I thought I showed great restraint last night.","""I'm really proud of those kids,"" Williams said during his postgame media session on Tuesday. ""Everybody talked about how poorly they played at Georgia Tech. My radio call [show] last night stunk; everybody was talking about how they were Carolina fans for 9 million years and how bad we are; I don't give a [darn] how long you're a Carolina fans, those are kids in the locker room, and they played their buns off tonight. ""I can remember working for Coach [Dean] Smith, and we go down to Clemson, and we got beat 93-76, and I thought the world was going to end. ... But I didn't have anybody calling up the TV show, talking about my team. Don't call me next week and say how good we are; keep your [darn] phone calls to yourself."" ... And I apologize, talking to you [media about this], but my God, these are 18-, 19-, 20-year olds. Did any of you call my call in show? Then I apologize; I should tell them that. I thought I showed great restraint last night.",ESPN College Basketball Nation blog,article,2011-01-18,day,reflection,coach_name_search,"Q4 - ""Roy Williams"" basketball ""call out""",http://www.espn.com/blog/collegebasketballnation/post/_/id/21442/roy-williams-dont-call-me-anymore,"This second quotation begins with an ellipsis in the original ESPN blog post itself (confirmed on re-fetch), indicating omitted material between it and the first quotation (this row's companion candidate) -- not my own truncation."
82,Michael Haynes and the WABC Coaches Manual working group,"Primary writer and editor of the WABC (FIBA) Coaches Manual, per the series Introduction credits; Editor-in-Chief Patrick Hunt (then WABC President); contributions from Neil Gliddon, Peter Lonergan, Michael Haynes, Patrick Hunt, David Munns and Zoran Radovic; FIBA's professional coach-education body","Solidarity - coaches and players should not use the media to air grievances within the team, although the media will certainly invite such comments; Respect - anything said to the media will come to the attention of opponents, and coaches (and players) should avoid saying anything that may be disrespectful about opponents. Opponents are likely to use such comments as motivation; Reflection - coaches will often be asked to answer questions immediately after a game (or even during a game) which can be a time of high emotion. Coaches can be candid in such interviews (e.g. ""we did not play well today"", ""we were out-rebounded and we need to address that"" etc). However, coaches should be careful about making any personal criticism or drawing conclusions regarding the performance, instead leaving that for review within the team.","Important considerations when dealing with the media are: Clear lines of authority - who can comment upon matters? If anyone outside of that is asked about a topic their response should simply be ""no comment""; Key messages - having a position on an issue and re-iterating that message in all dealings with the media; Briefing - it is important for the club (and it may not be the responsibility of the coach) to ensure that people that may be asked questions by the media are briefed about issues; Access - at times, coaches may be tempted to stop players interacting with the media, particularly if it is seen as a distraction to players. In making that decision, the coach must understand what obligations the club or the league has regarding player availability. Excluding the media can also create greater interest from the media; Solidarity - coaches and players should not use the media to air grievances within the team, although the media will certainly invite such comments; Respect - anything said to the media will come to the attention of opponents, and coaches (and players) should avoid saying anything that may be disrespectful about opponents. Opponents are likely to use such comments as motivation; Reflection - coaches will often be asked to answer questions immediately after a game (or even during a game) which can be a time of high emotion. Coaches can be candid in such interviews (e.g. ""we did not play well today"", ""we were out-rebounded and we need to address that"" etc). However, coaches should be careful about making any personal criticism or drawing conclusions regarding the performance, instead leaving that for review within the team. Coaches should practice interview technique if it is likely that they will be contacted by the media. Rather than avoid media commitments (for themselves and players) the coach should consider designating times when the media can contact them.","WABC (FIBA) Coaches Manual, Level 3 (December 2016), section 2.3.1 'Managing the media'; also published at wabc.fiba.com",book,2016-12,month,advice,topic_search_open_web,"slot 2: basketball coach ""dealing with the media"" advice (t2, page 1) -> domain DNS-dead for the agent; recovered by the directing session via Wayback snapshot 20250115183520",https://wabc.fiba.com/manual/level-3/l3-coach/2-know-how/2-3-communication/2-3-1-managing-the-media/,"RECOVERY PROVENANCE: surfaced by t2's fixed query page 1; wabc.fiba.com wholly DNS-dead for agents and for direct fetch; section text verified verbatim in the Wayback web snapshot AND in the published Level 3 PDF (pp. 41-42). AUTHOR CREDIT (Ken's ruling 2026-07-05: sourced-to-authors means credited to them): the series Introduction volume's 'About this Resource' states verbatim - 'Patrick Hunt acted as Editor in Chief for this book, and the primary writer of the book was Michael Haynes who was also the editor. The book has contributions from Neil Gliddon, Peter Lonergan, Michael Haynes, Patrick Hunt, David Munns and Zoran Radovic.' (Basketball_Introduction_English.pdf, snapshot 20240518010320). CAVEATS flagged: section 2.3.1 itself is unsigned; the credits block describes the working-group resource series whose online form hosts the Level 1-3 manual; the Level 3 volume itself carries only the institutional copyright. Distinguished from the excluded WBCA social-media REGULATIONS (member rules) as advisory instruction to coaches. Page carries trilingual navigation artifacts; English section text used."
83,Mike Krzyzewski,college head coach (Duke 1980-2022),"In the postgame press conference, I reacted incorrectly to a reporter's question about my comment to Dillon.","Krzyzewski released a statement Saturday that said: ""Today, I spoke with Oregon head coach Dana Altman and apologized to him for my remarks to Dillon Brooks following our game. It is not my place to talk to another team's player and doing so took the focus away from the terrific game that Dillon played."" ""In the postgame press conference, I reacted incorrectly to a reporter's question about my comment to Dillon."" Brooks hit a 3-pointer as the shot clock wound down late in Oregon's 82-68 win over the Blue Devils.","Written statement released March 26, 2016, quoted in ESPN.com news story",article,2016-03-26,day,reflection,coach_name_search,"Krzyzewski Dillon Brooks 2016 apology statement press conference ""should not have""",https://www.espn.com/mens-college-basketball/story/_/id/15073476/duke-blue-devils-coach-mike-krzyzewski-apologizes-postgame-comments-oregon-dillon-brooks,"Context: at the presser he had denied telling Oregon's Dillon Brooks he was 'too good to be showing off'; CBS audio contradicted the denial; statement also apologizes to coach Dana Altman; follow-up query descended from prescribed ""Mike Krzyzewski"" ""press conference"". ESPN article. Quote confirmed verbatim within Krzyzewski written statement. Surrounding sentences confirmed via multiple fetches."
84,Becky Hammon,WNBA head coach (Las Vegas Aces 2022-present),"From what I heard, she did not tell a lie. She said the truth.","On Sunday, Las Vegas Aces coach Becky Hammon, who called out the officiating ahead of Game 1 of her team's semifinal series against the Indiana Fever, supported Reeve and her comments. ""From what I heard, she did not tell a lie. She said the truth,"" Hammon said. The same officiating crew that worked Game 3 in Phoenix is working Game 4 in Indiana on Sunday.","Media availability, 2025 WNBA semifinals, quoted in ESPN article",article,2025-09-28,day,reflection,coach_name_search,"""she did not tell a lie"" Hammon",https://www.espn.com/wnba/story/_/id/46412633/wnba-sources-data-show-link-injuries-missed-calls,"Said Sunday 2025-09-28 at media availability during the Aces-Fever semifinal series; ESPN article published 2025-09-28. Hammon was fined $1,000 for the comments (announced 2025-09-29). Refers to Reeve's 2025-09-26 postgame remarks. Producing query is a partial-quote follow-up; the lead first surfaced in an off-template targeted search and an SI article (logged)."
85,Doc Rivers,"NBA head coach (Philadelphia 76ers at time of quote; previously Celtics, Clippers)","Some questions, to me, are disrespectful, and I thought that one was… I do think, at times, we're gonna work together, and there has to be a level of respect. I wasn't comparing myself to Gregg Popovich. That's, again, where you say something and people run (with it). Maybe I should have said, 'you wouldn't ask Rick Carlisle that question.'","Tuesday morning on the Fanatic, John Kincade (no relation) asked about that exchange: Rivers: ""Some questions, to me, are disrespectful, and I thought that one was… I do think, at times, we're gonna work together, and there has to be a level of respect. I wasn't comparing myself to Gregg Popovich. That's, again, where you say something and people run (with it). Maybe I should have said, 'you wouldn't ask Rick Carlisle that question.'"" Eh, alright. It was pretty safe to assume that he felt disrespected by the question.","97.5 The Fanatic radio interview (John Kincade show), as quoted by Crossing Broad",other,2022-02-01,day,reflection,coach_name_search,"""Would you ask Pop that question"" [partial-quote follow-up search]",https://www.crossingbroad.com/2022/02/doc-rivers-elaborates-on-would-you-ask-pop-that-question-postgame-kerfuffle.html,"Radio interview (not podcast), hence venue_type other; ellipsis and parentheticals are as printed by Crossing Broad; follow-up search chained from a search snippet partially quoting his postgame line."
86,Courtney Banghart,University of North Carolina women's head basketball coach; out-of-roster college coach,"I think the key here is HIPAA (Health Insurance Portability and Accountability Act), so I don't think medical information, whether it's an ankle or COVID, it's not my information to share. I am negative, and that's the only information I can share about anyone else's medical history.","DTH: I know UNC's media relations has said they won't release any specifics about testing information, but I just wanted to give you the opportunity right now to make any comment you might have about if anyone from the women's basketball program has tested positive or seen symptoms or anything. CB: I think the key here is HIPAA (Health Insurance Portability and Accountability Act), so I don't think medical information, whether it's an ankle or COVID, it's not my information to share. I am negative, and that's the only information I can share about anyone else's medical history.","The Daily Tar Heel (University of North Carolina student newspaper), Q&A interview",newspaper_article,2020-07-13,day,personal rule,topic_search_database,"AWN slot 13: basketball coach ""media relations"" advice (alltext), page 1 rank 16",https://infoweb.newsbank.com/apps/news/document-view?p=AWNB&docref=news/17C360EA0F481430,BORDERLINE: the rule is grounded in privacy law rather than media-conduct norms; aboutness to public-statement practice is arguable. P27-family question for Ken. SOURCE-URL CORRECTION 2026-07-07: recorded docref replaced with the archived article's self-identifying docref (pilot results-page extraction was misaligned by one rank; see README 2026-07-07).
87,Dwane Casey,"Head Coach, Toronto Raptors (NBA)","I'm not trying to get anybody -- it's over with. I said what I had to say last night. I'm not trying to send a message. It was a comment about the game last night, and it's over with. ... I'm not going to comment on anything on the officiating.","Q. You were pretty passionate last night about the officiating. Do you think they'll hear your message, and two -- DWANE CASEY: I'm not trying to get anybody -- it's over with. I said what I had to say last night. I'm not trying to send a message. It was a comment about the game last night, and it's over with. Q. Did you hear from the league at all? DWANE CASEY: I'm not going to comment on anything on the officiating.","NBA Eastern Conference Finals: Raptors v Cavaliers -- practice/pregame media availability, May 22 2016",presser_transcript,2016-05-22,day,personal rule,coach_name_search,"Dwane Casey"" basketball ""call out"" (Q4 ALWAYS-20; candidate confirmed on page 1 of supplemental search ""called out"" OR ""publicly criticized"")",http://www.asapsports.com/show_interview.php?id=119428,Two logically linked but physically separate statements joined with ellipsis; both from consecutive Q&A exchanges in same transcript. NBA fine of $25K documented in CBSSports.com headline coverage of same date; the fine is not mentioned inside the ASAP transcript itself. Identity confirmed: Casey is Toronto Raptors head coach throughout the 2015-16 Eastern Conference Finals.
88,David Torbert,"Contributor, BreakthroughBasketball.com coaching-advice site (no bio available; coaching background unverified)","Be mindful the quote will be printed, so be diplomatic in any insights you have on the night's game.","Create a document before the season begins that you can use as a template to include the final score, scoring by quarters and offensive stats for both teams. Even make a section where you include some commentary on the game. Be mindful the quote will be printed, so be diplomatic in any insights you have on the night's game.",BreakthroughBasketball.com,article,2015,year,advice,topic_search_open_web,"slot 4: how basketball coaches should handle the media (initial search, page 1)",https://www.breakthroughbasketball.com/coaching/using-local-media-to-promote-players-program.html,Same dating/identity caveats as the companion row above; recorded separately because it is a distinct piece of advice (diplomacy in printed remarks) rather than the availability/non-avoidance advice in the other row.
89,Dan Muller,Illinois State University men's head basketball coach (10th season at publication); out-of-roster college coach,So I wanted to send something out to take responsibility for where we are at and to make sure fans and the public and just as importantly my players know that I absolutely love this group and believe in them.,"""I always know they hear the outside noise. If you watched 'The Social Dilemma' on Netflix, and we showed that to our team and talked about it,"" Muller said during the weekly coaches call. ""You lose four of five at home ... and I don't read or listen to anything from the outside, but I know the players do, and I also know people are disappointed about where we are at. So I wanted to send something out to take responsibility for where we are at and to make sure fans and the public and just as importantly my players know that I absolutely love this group and believe in them.""","Pekin Daily Times (Dave Eminian, Peoria Journal Star / USA TODAY Network syndication)",newspaper_article,2021-02-05,day,reflection,topic_search_database,"AWN slot 4: how basketball coaches should handle the media (alltext), page 1 rank 15 (duplicate at page 2 rank 4/7, Peoria Journal Star and Bradley Hoops editions)",https://infoweb.newsbank.com/apps/news/document-view?p=AWNB&docref=news/180774ACB81E0338,"The tweet itself ('I've been off social media since Aug, figured I should jump on to send 1 message...') is quoted verbatim in the passage and is itself a public coach statement about making public statements - noted for Ken. SOURCE-URL CORRECTION 2026-07-07: recorded docref replaced with the archived article's self-identifying docref (pilot results-page extraction was misaligned by one rank; see README 2026-07-07)."
90,Curt Miller,WNBA head coach (Connecticut Sun 2016-2022; later Los Angeles Sparks 2023-2024),"During last night's game, while arguing a call with an official, I made an inappropriate and offensive comment in reference to Liz Cambage's height and weight. I regret what I said in the heat of the moment and want to sincerely apologize to Liz and the entire Aces organization. I understand the gravity of my words and have learned from this.","Miller later apologized in a statement released through the Sun, stating, ""During last night's game, while arguing a call with an official, I made an inappropriate and offensive comment in reference to Liz Cambage's height and weight. I regret what I said in the heat of the moment and want to sincerely apologize to Liz and the entire Aces organization. I understand the gravity of my words and have learned from this."" In discussing the incident, Cambage said she was proud of her body, and told Miller not to disrespect players.","Connecticut Sun team statement, quoted in CBS Sports article",other,2021-05-24,day,reflection,coach_name_search,"""Curt Miller"" ""call out""",https://www.cbssports.com/wnba/news/sun-coach-curt-miller-suspended-one-game-fined-10k-for-making-disparaging-comments-about-aces-liz-cambage/,"Borderline: the underlying comments were made to a game official mid-game (2021-05-23), not at a press conference, so the reflection concerns publicized in-game remarks rather than a public statement per se. Apology issued through the team; CBS Sports article publication date 2021-05-24 per fetched page (some outlets date the league discipline 2021-05-25)."
91,Red Auerbach,"Head coach, Boston Celtics",My remarks were strong ... but they weren't abusive. ... I said the call was stupid. It was.,"Such a loss sits easy with no man; with Auerbach it was a crown of fire and brimstone. A man who needs time in solitude to lick his wounds, Red made the mistake of submitting immediately to a postgame television interview. His venom still at flood level, Red ""spoke my mind"" to the camera with the red light. ""My remarks were strong,"" Red admitted afterwards, ""but they weren't abusive,"" as some reports had claimed. ""I said the call was stupid. It was.""",SPORT Magazine,article,1956-02,month,reflection,coach_name_search,"Follow-up partial-quote search ""Press hospitality was never high on Red Auerbach's"" (run without ""basketball""), itself triggered by Q12 archive.org/openlibrary search for ""Red Auerbach"" press",https://from-way-downtown.com/2021/10/31/%EF%BF%BCred-auerbach-hothead-on-the-boston-bench-1956/,"Surrounding article text (outside the quoted passage itself) states the incident drew a $100 league fine, from a nationally televised Minneapolis Lakers game the prior season. QUOTE CORRECTION 2026-07-05: the clause 'as some reports had claimed' is the SPORT Magazine writer's interjection per the passage, not Auerbach's words; removed from the quote field with the elision marked (c49 Grentz-fix convention)."
92,Stan Van Gundy,"NBA head coach, Orlando Magic (at time of interview); later TV analyst","I'm not going to get involved in Twitter wars. I'm going to say what's on my mind and that's it. People can comment any way they want, they can agree or disagree, but I'm not going to go through looking for them in my comments.","Q: ""So, you're already being a smart Twitter user."" A: ""I'm not going to get involved in Twitter wars. I'm going to say what's on my mind and that's it. People can comment any way they want, they can agree or disagree, but I'm not going to go through looking for them in my comments.""",Complex,article,2020-07-28,day,personal rule,coach_name_search,"Q1 ""press conference"" (surfaced via article title match)",https://www.complex.com/sports/2020/07/stan-van-gundy-nba-bubble,
93,Nick Nurse,Head Coach – Toronto Raptors,"I don't know if there's an art to it. But I think if there's a problem it has to be communicated. If there's a problem, there has to be a solution.","There are lots of ways of communication, lots of ways of getting your message across. We'll explore all those options until we can hopefully help these guys. It's only for their best interest and the best interest of our team. ... I don't know if there's an art to it. But I think if there's a problem it has to be communicated. If there's a problem, there has to be a solution.","The Globe and Mail, ""Nick Nurse's public criticism spurs his players to greater heights""",article,2020-01-10,day,personal rule,coach_name_search,"""Nick Nurse"" basketball media OR press",https://www.theglobeandmail.com/sports/basketball/article-nick-nurses-public-criticism-spurs-his-players-to-greater-heights/,"Same Globe and Mail article (Jan 10 2020 Friday media availability) as existing corpus entry (""I'm not sure I know they're going to become stories...""); that entry's passage_context already includes the companion ""lots of ways of getting your message across"" line; this quote is a distinct statement from the same session but may be considered proximate to existing context; passage_context order uncertain — WebFetch returned two separate quoted passages; ellipsis marks possible intervening text"
94,Mike Thibault,WNBA head coach (Washington Mystics 2013-2022; previously Connecticut Sun 2003-2012),My apologies to @LynxCoachReeve and @minnesotalynx for my reaction to the question asked of me at my pre-game press conference today. It's not who I am and I should have just answered the question without the extra dramatics.,"Thibault said he was ""tired of hearing"" about WNBA travel delays and that he didn't feel sorry for the Lynx. ""My apologies to @LynxCoachReeve and @minnesotalynx for my reaction to the question asked of me at my pre-game press conference today,"" Thibault wrote on Twitter. ""It's not who I am and I should have just answered the question without the extra dramatics."" The Lynx played back-to-back games on Thursday and Friday in Minneapolis and Indianapolis, and then they had flight issues on Saturday that delayed their arrival until midnight for Sunday's 3 p.m. tipoff.","Twitter post by Thibault, quoted in ESPN article",social_via_page,2022-07-17,day,reflection,coach_name_search,"""Mike Thibault"" ""press conference""",https://www.espn.com/wnba/story/_/id/34261111/washington-mystics-coach-mike-thibault-apologizes-dig-minnesota-lynx-travel-issues,"Tweet posted 2022-07-17, the same day as the pregame press conference remarks it retracts (a dig about Lynx travel issues); ESPN article published 2022-07-17. Reeve accepted the apology on Twitter the same evening. Quote appears as a Twitter/X embed in the article; surrounding prose paraphrases Thibault's original remarks."
95,Stan Van Gundy,NBA head coach (Heat 2003-2005; Magic 2007-2012; Pistons 2014-2018; Pelicans 2020-2021),That in particular was calculated. What you're calculating is not what the media response is going to be or anything else. You're making your decision on what my team needs.,"Van Gundy went into significant detail about the circumstances before, during and after the press conference. Interestingly, he said that his answer to the 'Does Dwight want you fired?' question was 'calculated' beforehand and that he had sought advice from his brother, former NBA coach Jeff Van Gundy, and his assistant coaches before he took his last stand. 'That in particular was calculated. What you're calculating is not what the media response is going to be or anything else. You're making your decision on what my team needs. I didn't break a story there. That story had been out all year.'","Grantland Network podcast (Dan Le Batard with Stan and Jeff Van Gundy), as quoted by CBSSports.com",podcast,2012-09-10,day,reflection,coach_name_search,"""Stan Van Gundy"" ""press conference""",https://www.cbssports.com/nba/news/stan-van-gundy-explains-infamous-press-conference-with-dwight-howard/,"Quoted in a CBSSports.com Eye on Basketball article by Ben Golliver (Sept 11, 2012) recapping 'a Grantland.com podcast' appearance. Attribution interjection ('he said') omitted between the first and second sentences; quoted words are one continuous utterance as printed. Exact episode day not stated on page, so month precision."
96,Doc Rivers,"NBA head coach (Clippers, 2013-2020, at time of quote)","I thought the smartest thing we did, we decided to have one voice. I was so concerned about our players becoming the story, and my focus was trying to keep the focus on Donald Sterling.","Rivers, who was in his first season as Clippers head coach at the time, discussed the thought process that went into the silent protest: ""I thought the smartest thing we did, we decided to have one voice. I was so concerned about our players becoming the story, and my focus was trying to keep the focus on Donald Sterling. He was the racist, like, we didn't need to explain ourselves, we wanted Donald Sterling to explain himself."" ""The other big thing, the untold story is, on the day of the game, I get a call that Donald Sterling was actually coming to the game, so I had to deal with that. If you ever watch that, the team's out on the floor, I'm still in the locker room. I think I walk out like five seconds before the national anthem, I'm literally on the phone with Andy Roeser, telling him Donald Sterling cannot come to the game. Just think about that. I'm a coach, and I'm telling the owner he cannot come to a game."" NBA commissioner Adam Silver gave Sterling a lifetime ban, fined him $2.5 million and said he would attempt to force Sterling to sell the Clippers.",Bleacher Report interview ahead of the 'Blackballed' documentary,article,2020-05-14,day,reflection,coach_name_search,"""Doc Rivers"" Sterling 2014 ""I"" spokesman OR ""voice"" team decided speak media",https://bleacherreport.com/articles/2891679-clippers-doc-rivers-talks-donald-sterling-scandal-ahead-of-blackballed-doc,Retrospective (2020) reflection on April 2014 events; dated by interview publication. The strategy described is about who speaks publicly for the team — squarely a claim about public statements. Bleacher Report article. Quote confirmed verbatim. Second Rivers paragraph from same interview block included as passage context after the corpus quote.
97,Isiah Thomas,"Head Coach, New York Knicks",We'll talk about the Phoenix Suns and the game at hand. Whatever matters we have in-house we'll try to keep in-house.,"Thomas declined to discuss reports about Stephon Marbury's reduced role. ""We'll talk about the Phoenix Suns and the game at hand,"" he said. ""Whatever matters we have in-house we'll try to keep in-house."" On potential discipline: ""Any type of penalty or suspension will be in-house and we'll try to keep it within the confines of our team. This is an in-house matter with our team and we'll keep it and leave it at that,"" Thomas told reporters.","ESPN.com, ""Marbury, Knicks spat reportedly began on trip to Phoenix""",article,2007-11-13,day,personal rule,coach_name_search,"Isiah Thomas basketball ""press conference"" coach (initial query surfaced lead); follow-up: ""Isiah Thomas"" ""in-house matter"" basketball coach Knicks Marbury",https://www.espn.com/nba/news/story?id=3108416,Two statements from same press session. Main quote redirects reporters to game at hand. Second statement (in passage_context) applies rule specifically to discipline. Both verbatim from contemporaneous ESPN article. Thomas was in second and final season as Knicks head coach (2007-08 season). Borderline because the rule-statement is embedded in standard press deflection.
